weekly_lms_logins,video_watch_pct,avg_quiz_score,assignment_completion_rate,avg_submission_delay_days,forum_posts_per_month,session_attendance_pct,gpa_trend,current_gpa,part_time_job,semester,dropout_risk
6.7,69.9,82.6,65.2,3.3,3,73.8,0.91,3.08,0,2,0
8.0,66.8,62.1,40.4,2.2,4,71.4,-0.12,2.77,0,1,0
3.7,52.2,74.7,100.0,1.3,4,58.6,0.74,3.51,0,3,0
5.4,56.0,61.8,34.9,1.7,7,51.6,-1.29,2.36,1,3,0
10.4,91.0,86.8,86.6,3.3,9,89.8,0.55,3.44,0,6,0
1.5,32.8,64.1,46.6,3.7,2,54.0,-0.1,3.16,0,4,0
10.6,64.7,84.5,71.3,1.4,8,92.0,1.14,3.13,0,7,0
3.8,43.1,77.9,52.6,4.7,11,81.5,-1.04,2.73,0,6,1
10.7,35.7,69.8,45.9,0.3,3,44.8,0.02,2.4,0,4,0
3.1,74.3,51.5,87.7,1.8,6,98.1,0.73,3.43,0,7,0
11.1,87.7,76.8,84.7,4.2,7,82.2,0.41,3.82,0,6,0
4.1,51.3,26.4,53.5,4.0,3,18.1,-0.51,3.2,1,2,0
7.3,66.3,60.2,90.9,2.8,3,52.1,-0.72,2.61,0,7,0
6.1,63.5,60.1,60.7,3.0,5,68.4,-0.47,2.24,0,2,0
4.7,33.4,59.1,57.8,6.0,4,54.2,-0.24,2.31,1,7,1
11.0,51.4,64.7,94.3,2.5,6,48.0,0.34,2.84,0,3,0
0.5,32.2,66.3,45.4,8.7,2,28.5,-0.51,2.47,0,8,1
5.1,77.5,55.3,73.9,3.1,5,48.9,-0.07,3.19,1,5,0
3.2,56.2,52.5,47.8,2.4,5,34.3,0.04,3.82,0,7,0
3.6,56.8,44.2,76.4,6.1,6,19.6,0.2,2.56,0,3,0
7.0,22.1,75.3,49.7,2.7,1,12.2,0.28,1.65,1,8,0
10.4,73.2,92.1,85.6,0.7,7,63.2,0.54,3.13,1,1,0
7.3,18.3,47.7,61.8,1.5,3,46.4,-0.81,2.64,0,5,0
9.3,41.5,48.9,49.8,3.4,5,74.3,-0.15,2.55,1,2,1
7.6,30.2,54.1,45.5,2.3,3,25.9,-0.89,2.82,0,5,1
2.8,38.4,61.4,47.3,1.5,5,28.7,-0.41,2.84,0,5,0
11.7,74.3,60.2,85.0,1.2,3,54.3,-0.13,3.2,1,2,0
5.0,48.3,82.8,35.5,2.7,2,48.2,0.61,3.04,1,1,0
8.8,35.0,79.8,62.0,4.8,2,70.3,-0.83,2.71,0,8,1
3.6,46.7,41.9,73.8,3.7,4,70.8,0.64,3.19,0,7,0
4.0,46.0,35.7,49.8,3.5,1,35.6,-0.72,1.58,1,8,1
8.3,58.1,62.2,74.8,4.3,6,57.2,-0.38,2.23,0,1,0
7.7,61.4,53.1,37.7,2.3,2,46.4,0.39,2.84,0,6,1
1.3,10.9,43.6,46.7,4.9,2,33.9,-1.77,1.71,1,8,0
7.2,27.3,45.7,39.8,2.8,1,36.4,-1.22,2.35,0,4,0
3.1,84.2,56.9,33.9,1.9,2,76.7,-0.97,2.56,1,7,1
7.6,41.1,78.1,50.2,2.8,3,70.3,-0.08,2.78,0,6,0
12.7,89.1,100.0,100.0,1.2,5,70.1,0.43,4.0,0,4,0
11.2,79.7,61.7,65.4,5.2,3,37.2,0.55,2.76,0,1,0
2.6,27.8,29.8,53.1,5.2,1,30.0,-1.14,1.76,0,7,0
2.7,57.2,44.4,53.4,3.4,3,5.9,-2.29,1.95,0,8,1
4.9,37.5,49.8,35.5,0.7,2,46.7,-0.45,3.09,1,1,0
11.1,49.7,100.0,88.8,2.9,6,77.5,1.32,3.63,1,4,0
5.0,21.7,51.5,56.1,5.0,1,43.0,0.13,2.86,1,8,0
8.9,37.5,62.5,50.7,5.1,6,62.8,-0.35,3.16,1,6,0
9.3,32.7,72.5,85.5,3.5,3,61.8,-0.22,2.78,0,4,1
4.0,36.1,52.1,41.6,7.2,3,16.5,-0.44,3.29,1,6,1
11.0,83.6,88.3,77.1,1.4,2,48.3,0.72,4.0,0,1,0
9.2,59.9,66.5,81.3,1.9,7,59.4,-0.2,2.36,0,2,0
5.8,27.9,57.2,53.9,5.7,4,49.3,-0.88,2.36,1,1,1
9.9,81.8,86.5,64.0,4.1,3,74.5,0.19,2.79,0,6,0
12.2,51.6,58.9,84.9,2.9,3,60.2,0.29,2.97,0,2,0
5.3,58.8,62.3,63.9,0.0,3,94.9,-0.27,2.35,1,2,0
3.4,14.0,55.4,23.6,0.2,1,71.3,-1.09,2.03,0,2,0
10.8,59.3,64.4,100.0,0.8,4,97.3,0.85,3.83,1,7,0
7.1,31.5,30.1,29.3,4.1,3,51.3,-0.72,1.79,1,4,0
5.5,61.6,42.4,80.6,0.0,2,55.0,-0.42,2.65,1,3,0
11.1,48.3,67.3,66.6,2.2,5,70.9,-0.41,2.4,0,1,0
10.5,53.6,77.4,69.0,3.2,6,36.6,0.81,3.86,0,5,0
9.4,79.4,74.0,87.3,1.3,7,57.4,0.13,3.44,1,8,0
6.3,46.8,74.1,38.4,4.3,4,39.9,0.47,2.9,0,5,0
8.4,56.9,88.5,50.4,2.8,5,76.0,-0.11,3.45,0,1,0
7.6,47.5,68.2,61.1,0.0,5,55.5,0.47,2.78,0,2,0
4.3,71.3,57.3,68.1,4.1,4,62.4,-1.14,2.93,0,4,0
6.1,32.3,59.4,81.0,1.6,2,15.0,-1.53,3.53,1,6,0
12.1,78.1,89.8,61.3,1.1,5,83.3,0.28,2.91,1,4,0
5.6,24.0,55.3,49.7,2.9,1,37.1,-2.15,1.03,0,2,1
5.3,53.0,55.3,39.5,6.4,4,32.7,-0.35,1.91,0,8,0
10.7,84.4,75.1,82.2,0.0,7,93.4,0.7,2.83,0,1,0
8.5,76.0,62.3,84.3,5.0,5,45.9,1.11,3.58,0,7,0
7.2,70.8,64.1,77.0,6.0,4,75.4,0.72,3.43,0,5,0
8.4,81.1,79.6,77.7,0.0,7,75.4,0.62,3.67,0,4,0
6.3,59.1,38.1,71.5,2.1,6,34.8,-0.43,2.71,1,7,0
6.5,78.9,75.0,92.9,2.9,3,36.4,0.03,3.32,1,7,0
4.1,61.4,65.8,54.1,0.1,7,46.6,0.12,3.26,0,2,0
8.2,46.1,56.3,42.8,2.9,3,45.8,-1.11,3.35,1,4,0
6.8,24.8,74.6,58.1,3.3,0,50.7,0.15,2.93,0,2,1
5.4,66.2,66.8,60.6,2.3,5,43.1,-0.71,3.06,1,4,0
11.5,67.8,88.1,79.1,1.5,6,66.0,0.69,3.99,1,5,0
8.7,79.4,76.4,91.0,2.8,7,61.2,2.7,3.57,0,4,0
10.1,64.1,84.9,100.0,0.7,10,86.7,0.75,3.6,0,1,0
8.0,46.1,37.1,39.8,1.9,1,36.9,-0.46,2.22,0,7,0
6.7,69.3,59.7,90.5,4.7,4,74.9,0.19,3.71,0,3,0
10.3,78.5,90.2,64.3,3.7,5,70.0,1.65,3.15,1,2,0
4.0,10.7,43.5,48.0,4.1,3,12.5,-0.18,2.3,0,7,1
6.9,56.7,66.7,53.5,0.0,5,22.1,0.26,3.08,0,3,0
7.3,44.5,36.0,48.1,2.1,2,34.1,0.78,1.88,0,5,0
1.8,65.6,75.8,80.1,0.0,5,66.2,-0.28,2.78,1,8,0
5.2,49.9,54.7,56.0,1.8,3,49.2,-0.27,3.35,0,5,0
7.3,46.8,34.5,53.7,5.0,6,45.6,0.49,3.18,0,7,0
12.6,40.8,89.6,50.9,0.8,4,37.7,-0.16,2.93,0,8,0
4.2,69.6,74.8,87.8,0.8,3,23.6,0.46,3.3,0,7,1
5.8,47.5,49.4,75.3,3.9,7,77.2,0.2,4.0,0,3,0
5.7,57.9,76.0,61.2,4.7,4,58.9,0.81,3.21,1,5,1
4.9,12.8,59.8,61.1,3.4,2,26.2,-0.33,2.92,0,8,1
7.9,73.9,63.4,60.9,3.5,4,33.4,0.08,3.43,0,5,0
5.3,76.7,74.5,60.9,0.2,6,52.2,-0.15,3.09,0,6,0
9.1,62.8,69.0,64.1,1.2,5,70.5,0.22,3.34,1,2,1
12.7,78.3,78.9,61.7,0.0,7,74.6,0.43,3.5,0,2,0
9.1,42.9,83.0,56.0,2.8,8,64.1,0.89,2.79,1,2,0
6.0,44.2,40.7,43.2,3.2,5,73.4,-0.14,1.35,1,1,1
7.4,38.3,53.3,97.9,1.5,8,46.3,0.29,2.46,1,6,0
6.9,62.7,57.7,38.1,3.1,2,73.5,-0.05,1.62,0,1,1
5.6,72.8,75.8,51.4,1.5,3,72.7,0.93,2.84,0,8,0
7.0,68.5,70.4,70.2,0.9,4,63.0,0.01,2.14,1,8,0
8.8,62.3,72.5,75.9,2.5,3,88.8,0.63,3.74,0,1,0
4.8,59.6,46.7,66.3,2.6,5,40.1,-0.21,2.14,1,8,0
9.1,41.0,76.5,56.8,2.3,1,54.2,-0.17,3.24,0,6,0
4.6,34.4,43.2,43.9,0.2,2,29.9,0.4,3.13,0,1,1
9.9,78.9,77.5,100.0,0.8,3,99.0,1.51,3.93,1,3,0
7.7,68.0,83.9,63.4,0.7,6,88.6,1.65,2.66,1,8,0
4.2,39.4,47.7,43.5,2.8,0,52.9,-1.36,2.79,0,6,1
7.2,32.7,47.0,58.7,4.8,2,47.1,-0.31,2.72,0,6,1
3.5,20.6,57.3,58.0,0.0,1,60.5,0.03,2.83,0,7,0
4.8,7.6,54.5,30.8,3.7,1,16.9,-0.1,3.06,0,2,0
9.3,84.1,69.6,61.1,2.2,4,92.5,-0.27,3.78,0,5,0
3.0,32.9,79.8,99.9,5.9,7,65.2,0.55,2.72,0,4,0
8.8,53.5,76.2,68.6,0.0,3,70.3,0.36,3.58,1,1,0
7.6,83.1,63.9,92.0,2.5,6,77.1,1.2,2.33,0,5,0
8.1,56.0,44.5,73.7,3.4,7,100.0,-1.11,3.03,1,8,0
11.3,91.5,87.0,79.2,1.2,6,96.2,0.26,3.31,0,2,0
4.9,58.7,65.9,65.9,0.5,4,71.4,0.77,2.84,0,3,0
8.0,33.4,60.9,62.4,3.0,0,30.3,-0.92,1.66,0,7,1
8.4,41.2,67.2,74.1,0.0,6,70.7,-0.4,2.49,0,6,0
7.0,38.3,57.0,54.4,2.6,2,58.7,1.02,2.76,1,5,0
5.5,11.6,33.3,14.1,1.4,2,61.3,-1.66,2.19,1,4,1
5.7,53.0,19.2,47.5,4.3,4,46.3,0.3,2.45,0,8,0
14.4,72.2,63.3,81.3,1.0,6,88.1,-0.69,3.81,1,5,0
10.5,70.1,100.0,73.6,0.0,5,60.4,0.1,3.84,0,6,0
7.0,47.9,73.1,67.2,3.5,4,77.2,-0.08,2.95,0,2,0
3.3,42.0,40.3,50.8,4.1,4,29.9,-0.96,2.37,0,5,1
11.7,73.7,70.1,90.0,3.4,6,89.2,0.77,2.66,1,6,0
6.3,33.3,48.2,17.9,2.9,2,32.4,0.73,2.63,0,3,1
2.2,51.8,57.4,15.4,4.3,0,42.8,-1.05,3.09,0,7,1
6.3,75.8,97.5,65.4,0.0,8,50.0,1.34,3.28,1,8,0
4.3,60.4,67.0,94.5,5.4,4,80.2,0.34,3.57,0,2,0
8.7,51.8,69.3,55.5,0.6,6,77.0,0.73,3.64,0,1,1
5.9,58.8,81.5,75.7,3.2,4,61.8,-0.85,3.6,1,7,0
11.5,69.4,68.9,100.0,3.7,1,75.7,0.67,3.23,0,8,0
4.7,53.7,70.4,74.3,3.2,3,79.9,0.49,2.55,0,2,0
6.1,53.5,60.4,72.2,2.5,2,37.7,-0.33,2.71,0,5,0
2.8,12.8,57.5,40.2,2.9,0,26.2,0.67,2.37,1,6,0
3.2,19.9,17.2,55.0,4.4,0,13.0,-1.23,2.37,0,4,1
8.4,62.8,64.2,91.3,0.0,6,44.5,-0.64,2.44,0,2,0
8.6,72.7,50.8,73.0,2.5,3,41.1,0.58,2.71,0,2,1
1.3,28.0,60.4,48.9,6.6,6,61.9,-1.31,2.76,0,8,1
1.6,8.1,33.7,48.0,3.9,1,44.7,-0.8,1.92,1,2,1
9.1,59.1,41.7,35.7,2.9,6,24.6,0.71,2.38,0,2,0
10.5,66.8,51.0,90.6,0.0,8,60.1,0.74,2.83,0,5,0
2.2,39.5,76.0,59.4,2.5,5,46.3,0.21,3.03,0,7,0
5.6,13.5,38.4,43.1,2.2,4,57.8,-0.77,1.29,1,1,1
3.3,37.5,54.7,75.0,5.0,2,42.1,0.49,2.33,0,4,0
3.3,37.9,69.1,64.3,6.1,4,15.0,-1.27,2.97,0,7,0
3.0,51.9,48.2,16.0,7.0,2,38.3,-0.36,2.45,1,2,1
14.8,66.4,78.1,73.9,0.0,9,94.1,2.26,3.82,1,6,0
3.0,53.1,40.5,62.8,4.8,1,31.0,-0.02,1.73,1,4,0
6.1,44.1,82.3,53.6,2.9,4,69.9,0.49,3.17,0,5,0
6.8,50.8,53.4,74.9,2.5,6,32.3,-0.43,2.59,0,1,0
8.3,87.4,77.2,73.4,4.5,4,89.0,0.05,3.39,0,7,0
11.9,70.2,44.1,95.8,2.7,5,61.8,0.06,3.79,1,2,0
6.6,48.3,78.7,54.4,5.3,1,47.6,0.18,3.46,0,1,0
11.5,83.5,49.8,61.9,0.0,3,65.9,0.75,2.86,0,2,0
8.6,71.0,65.2,88.0,0.6,5,63.8,1.34,2.9,0,2,0
10.4,71.7,90.5,71.4,2.0,1,83.2,-0.68,3.98,1,6,0
8.1,19.3,19.6,24.9,6.4,1,60.4,-2.16,2.19,1,3,1
4.1,43.4,48.1,55.1,4.8,4,63.7,0.39,1.92,0,8,1
14.2,76.8,84.4,68.4,0.0,6,80.4,1.13,3.62,0,6,0
1.4,31.5,40.0,58.0,8.1,2,36.9,-0.9,2.85,0,8,1
5.4,40.5,54.8,51.2,3.1,4,70.2,-0.22,2.06,0,4,0
4.3,77.6,67.6,55.0,0.5,3,90.8,0.1,2.85,1,7,0
6.8,54.1,52.5,86.9,0.7,4,48.9,1.45,2.67,1,1,0
6.9,70.7,77.8,96.6,0.0,4,84.9,0.91,3.84,1,4,0
11.6,78.1,71.0,72.9,0.0,3,75.4,0.11,3.33,1,4,0
14.3,72.1,78.0,100.0,1.2,5,93.3,0.49,3.89,0,4,0
4.0,40.2,76.1,82.8,0.6,3,66.4,-0.58,3.31,1,1,0
0.6,17.8,54.1,38.5,5.4,1,9.9,-1.53,1.34,1,2,1
6.5,71.8,99.6,96.4,3.5,3,63.0,1.67,3.02,0,2,0
6.6,57.6,60.8,75.2,4.0,3,66.9,-0.18,2.49,1,7,0
3.1,66.0,70.9,30.1,3.9,1,44.8,-1.27,2.51,1,2,1
8.7,51.6,69.3,87.0,0.0,7,37.6,0.99,3.71,1,2,0
9.2,22.9,47.9,40.1,5.3,6,15.4,0.41,2.32,0,2,0
4.6,41.0,46.2,39.2,7.4,1,58.4,0.23,2.25,0,7,0
9.0,59.7,59.6,68.0,5.3,6,76.3,-0.32,3.48,1,7,0
9.0,64.5,73.0,77.3,0.0,4,45.0,-0.23,3.5,0,6,0
3.6,46.8,65.0,38.4,2.6,3,77.4,0.86,3.06,1,2,0
5.2,56.1,83.1,85.9,0.9,2,72.1,-0.3,2.33,1,8,0
5.5,26.9,68.5,41.1,3.2,1,21.5,-0.43,3.02,1,5,0
13.5,83.2,56.7,98.3,1.8,4,62.2,0.2,3.4,0,7,0
10.9,78.4,65.4,100.0,5.7,3,56.0,1.54,3.39,0,5,0
9.2,69.7,36.8,53.9,2.7,7,50.7,-0.48,2.61,1,6,1
5.8,44.3,58.2,89.0,1.4,6,30.7,-0.22,2.77,0,6,0
6.9,58.0,42.5,53.2,4.5,3,38.8,-0.27,1.97,1,2,1
14.1,78.7,79.3,89.0,0.0,7,97.9,1.58,2.73,1,6,0
3.6,50.6,39.8,44.1,2.1,2,22.6,0.42,2.2,0,7,0
7.9,49.6,60.8,42.0,4.9,3,54.5,0.16,2.01,0,6,0
5.8,69.6,75.7,65.3,1.7,4,64.1,0.99,3.45,1,1,0
6.9,48.3,41.5,22.8,7.8,3,57.3,0.18,1.99,0,4,0
5.9,66.0,65.9,64.7,3.2,8,17.7,-0.75,3.32,0,4,0
1.5,78.1,42.1,15.6,1.4,0,54.3,-1.12,1.62,1,1,1
9.6,76.0,85.4,60.1,0.0,11,35.4,-0.38,3.79,0,5,0
5.6,85.7,77.3,92.1,3.4,8,73.5,-0.88,3.87,1,4,0
5.3,54.0,44.0,68.0,1.8,7,27.8,-0.12,1.9,0,7,0
0.4,36.5,44.8,20.7,2.2,1,26.4,-0.05,2.17,1,5,1
0.0,21.7,12.7,41.2,3.8,1,0.0,-0.79,1.63,0,3,1
5.4,47.4,67.2,46.2,5.5,2,75.7,-0.2,2.87,0,4,1
6.5,67.3,71.5,54.3,2.0,6,33.9,0.03,3.79,1,3,0
14.4,100.0,73.8,89.4,0.0,5,60.4,0.94,4.0,0,8,0
4.5,37.1,52.7,57.1,4.9,6,94.3,1.18,2.68,0,6,0
11.0,30.5,53.4,64.8,4.6,3,66.9,1.06,3.06,1,3,0
6.5,91.7,58.5,78.9,5.0,6,50.2,0.21,4.0,1,3,0
10.2,49.3,47.1,85.7,5.1,4,61.0,0.88,3.32,1,3,0
8.6,21.8,38.6,75.4,5.4,3,45.5,0.45,3.19,0,2,0
6.1,16.5,21.1,42.1,2.0,1,15.7,-0.03,2.91,0,2,0
7.3,98.2,70.8,73.5,3.0,7,58.9,0.79,3.35,0,6,0
5.2,82.0,71.8,87.4,4.3,7,69.9,0.69,3.22,0,1,0
0.0,19.9,59.7,38.3,8.0,4,58.8,-1.68,1.7,0,4,1
12.2,47.5,77.4,76.8,2.8,7,57.7,-0.81,2.62,0,1,0
4.9,46.0,46.0,66.9,2.4,2,46.3,0.13,2.2,1,3,0
7.2,88.8,76.0,97.2,0.0,10,62.3,0.06,3.26,1,8,1
1.5,32.3,61.4,46.9,5.9,1,60.3,-1.46,2.48,0,1,1
9.7,59.0,69.5,59.7,0.4,6,88.4,-0.7,3.25,1,2,0
9.8,98.7,85.5,84.8,1.2,2,96.5,0.63,3.69,0,5,0
1.0,46.0,48.4,46.9,1.5,2,51.5,-0.07,3.01,1,6,0
8.8,49.4,60.8,71.6,2.6,2,26.2,0.18,2.62,1,5,0
8.5,68.2,66.9,89.4,3.3,8,81.1,0.66,3.38,0,6,0
12.0,25.7,60.5,88.4,3.1,8,61.1,-0.14,3.54,0,5,0
6.4,37.9,56.3,53.3,5.8,2,29.5,-0.77,2.48,0,7,0
0.0,52.3,45.2,40.3,0.6,3,57.4,0.2,2.4,1,8,0
13.0,51.6,77.4,99.6,1.4,6,77.6,0.87,3.82,0,5,0
9.8,24.0,82.4,67.2,1.9,4,36.5,-0.42,3.09,1,5,1
8.5,70.1,84.7,72.0,0.0,8,73.6,0.99,3.81,0,4,0
7.8,71.1,63.4,87.8,0.4,5,35.6,-0.73,4.0,0,7,0
7.0,52.0,61.0,52.5,1.4,7,52.3,-0.25,3.07,1,3,0
2.9,69.3,82.9,22.8,4.2,4,71.0,-0.76,3.4,1,2,0
3.4,37.0,46.7,28.6,4.9,3,5.9,0.2,2.29,0,7,1
6.6,13.7,56.1,42.7,5.8,4,41.0,-1.28,2.16,0,8,1
8.0,49.2,60.9,59.0,3.5,4,67.6,-0.0,3.42,0,5,0
4.7,31.4,62.6,42.7,3.3,4,68.4,-0.4,2.3,1,4,0
9.1,48.8,58.8,70.5,3.1,4,40.8,-0.46,3.75,0,2,0
9.8,90.2,61.3,83.3,3.2,5,50.7,0.71,3.91,1,5,0
8.1,64.6,69.1,43.5,0.0,3,49.5,-0.16,3.01,0,6,0
7.8,58.9,59.4,100.0,1.7,2,92.6,1.62,3.88,0,6,0
7.2,65.6,60.1,45.9,3.3,3,28.3,-1.13,3.27,1,3,0
4.7,41.0,83.6,53.5,6.5,7,33.4,0.3,2.19,0,1,0
2.1,13.3,61.4,67.9,0.5,4,49.0,-0.06,2.48,1,6,1
4.9,27.0,44.0,46.9,1.1,5,31.2,-0.35,2.8,0,6,1
10.1,85.7,84.1,100.0,0.0,5,78.9,1.0,3.59,1,6,0
6.0,57.5,48.7,51.5,0.6,3,74.5,0.29,3.32,1,8,0
11.0,87.5,69.1,54.9,2.0,3,42.1,0.39,3.22,1,6,0
3.8,48.9,39.5,61.3,2.0,1,44.4,0.21,1.98,0,3,0
9.4,98.2,89.9,40.3,0.0,9,78.7,0.82,3.22,0,3,0
6.0,44.0,47.9,51.5,4.1,1,32.5,-1.32,2.75,0,5,0
3.0,53.9,38.6,67.8,4.9,1,15.0,-0.57,1.6,1,6,0
9.2,84.0,76.6,39.5,2.0,5,57.6,1.12,2.51,0,1,0
6.4,65.4,88.2,59.3,2.6,7,49.0,-0.14,2.79,0,1,1
5.1,61.8,45.6,29.1,4.2,0,60.2,-0.97,3.12,1,7,1
10.3,54.7,79.6,72.1,0.0,5,74.5,0.72,3.05,0,2,0
5.7,15.8,65.3,93.5,3.2,1,27.0,0.11,3.06,0,7,0
7.8,56.8,61.0,58.5,3.1,5,43.1,-0.74,2.7,1,4,0
1.1,53.3,67.5,52.4,3.2,4,41.7,-0.39,2.64,1,6,0
6.0,60.0,73.4,36.9,0.4,6,100.0,0.51,3.04,0,2,0
2.6,46.1,72.2,55.2,1.7,4,72.0,0.35,3.58,1,5,0
5.3,65.7,70.5,68.6,3.0,4,46.2,0.69,2.5,0,1,0
11.8,66.5,52.9,64.6,5.9,6,44.3,-0.22,2.8,1,3,0
6.6,60.5,66.2,65.5,0.0,2,48.6,0.34,3.41,0,8,0
3.4,27.3,48.4,62.5,4.7,3,52.5,-0.74,2.2,0,3,1
11.9,63.7,100.0,68.1,3.9,2,85.4,1.71,2.65,1,4,0
6.3,43.6,39.6,43.2,1.6,1,41.2,0.28,1.29,0,6,1
0.4,30.9,26.9,31.7,4.0,0,30.3,-1.38,2.59,0,5,1
14.6,80.2,83.2,57.0,2.7,4,63.7,-0.42,3.51,0,5,0
6.7,43.3,48.2,43.0,7.2,4,48.8,0.35,2.55,1,2,0
11.1,87.6,64.8,90.6,5.7,5,45.4,0.89,2.82,0,8,0
9.9,66.1,76.4,34.9,0.0,6,67.3,0.73,3.13,0,7,0
7.9,42.0,76.8,32.6,2.3,7,45.1,-0.47,3.43,0,6,0
7.2,81.3,81.0,100.0,2.4,5,39.2,0.34,2.58,0,1,0
14.7,57.4,69.2,68.6,2.8,5,100.0,0.38,3.87,1,8,0
8.7,72.9,77.3,100.0,2.1,3,78.7,0.76,2.49,1,7,1
8.9,53.9,56.1,58.1,1.1,4,54.3,-0.87,2.24,1,6,1
2.4,29.6,63.9,32.2,2.3,2,28.9,-0.87,2.35,0,1,1
0.7,36.9,31.4,41.8,1.8,0,40.0,-1.88,2.53,0,4,1
14.4,82.1,78.2,80.9,0.0,9,53.7,0.32,4.0,0,3,0
6.6,61.2,64.1,59.3,0.0,4,51.3,-0.08,3.38,1,6,0
4.8,41.4,37.1,48.3,6.0,3,26.8,-0.2,3.3,0,7,1
8.3,86.7,63.2,71.9,3.9,5,74.0,0.48,3.09,0,2,0
14.3,82.5,64.7,57.3,3.5,6,47.7,0.64,2.73,0,4,0
13.1,73.2,82.5,59.4,2.0,6,81.4,-0.74,3.61,1,1,1
9.0,57.6,58.0,39.7,3.2,1,47.6,0.46,3.36,0,6,0
15.6,56.1,65.9,53.8,1.6,5,80.9,-0.04,3.63,0,2,0
2.0,35.8,46.3,73.1,0.8,3,47.6,-0.98,2.73,0,8,1
7.6,57.2,56.0,42.1,4.5,1,69.8,-0.09,3.41,1,8,0
5.0,55.1,49.7,63.0,5.5,2,26.1,-0.74,2.67,0,5,1
4.3,80.2,82.9,68.1,0.0,3,84.8,0.62,3.19,0,8,0
6.3,50.7,64.0,58.5,1.3,3,11.9,-0.12,2.93,0,3,1
2.5,61.9,32.4,41.0,4.9,1,36.8,-1.25,2.54,0,7,1
11.6,58.0,79.3,40.3,3.1,5,52.4,0.06,3.47,0,1,1
6.8,75.4,75.6,67.7,3.9,4,37.0,0.08,2.97,1,1,0
3.0,48.5,46.2,53.1,6.9,1,22.9,-0.11,2.84,0,4,1
12.8,75.8,55.9,61.3,0.0,1,59.1,0.2,3.69,1,3,0
6.8,61.9,64.8,97.0,2.6,3,53.7,-0.32,3.0,1,8,0
8.7,53.4,51.6,66.8,1.3,2,40.1,-0.91,2.31,0,1,0
3.8,14.5,45.7,47.1,2.8,2,31.2,-1.57,2.75,1,7,0
9.4,70.5,77.7,85.2,1.3,5,51.3,-0.49,2.54,1,1,0
6.9,70.0,81.3,31.0,5.4,5,52.4,-0.29,2.52,0,1,0
8.9,64.2,53.2,77.1,4.7,4,56.3,1.1,3.1,0,4,0
8.4,39.6,97.8,100.0,1.8,6,72.1,0.83,1.96,0,1,0
1.2,4.5,52.3,49.1,0.2,3,48.0,-0.15,2.98,1,4,1
5.8,36.1,65.8,52.4,4.0,7,66.7,-0.8,2.74,1,5,0
13.0,72.9,100.0,64.0,2.2,4,80.0,-0.5,4.0,1,5,0
5.7,24.9,51.6,27.0,2.1,0,47.9,-0.45,3.32,0,5,0
8.9,64.7,74.9,42.5,4.4,5,63.1,1.11,2.82,1,7,0
3.8,50.2,46.7,35.4,2.3,2,30.7,-1.07,2.99,0,5,0
3.4,84.0,79.7,54.9,3.8,8,82.1,0.37,2.6,0,2,0
3.9,59.6,76.1,59.8,3.3,4,40.6,-0.96,3.1,1,7,0
7.7,81.2,83.0,74.8,0.0,3,29.8,0.36,2.92,1,2,0
5.1,53.1,49.5,42.8,1.6,6,44.9,0.15,3.42,0,5,1
8.7,73.9,74.2,70.7,1.7,4,100.0,-0.53,3.89,0,7,0
9.0,61.6,95.5,76.2,1.8,7,74.6,0.2,3.44,0,6,0
2.2,48.6,49.2,30.7,6.4,7,39.7,-1.51,2.54,1,5,1
11.2,88.8,65.3,66.8,4.8,7,56.6,-0.8,3.48,1,3,0
10.0,71.9,86.0,84.9,0.8,2,88.2,0.32,3.56,1,1,0
9.2,21.6,48.6,55.3,3.9,7,58.0,0.28,4.0,0,8,0
11.3,68.1,93.5,77.9,4.2,5,81.7,0.56,3.54,0,8,0
9.8,40.1,62.9,57.4,1.0,3,63.8,0.51,3.6,0,6,0
11.3,47.1,72.9,95.2,0.8,7,60.2,0.19,3.78,0,3,0
9.3,65.8,81.0,65.1,0.0,2,88.6,1.1,2.65,1,3,0
9.3,39.9,51.0,62.6,2.7,0,37.5,-0.33,3.18,0,7,0
5.5,62.3,57.2,35.6,3.3,4,53.1,0.83,3.37,0,3,0
11.1,48.9,78.1,91.0,0.0,10,65.8,0.42,3.6,1,3,1
9.7,59.0,93.4,89.4,2.9,4,64.7,0.68,3.39,0,6,0
9.1,61.9,48.4,48.5,1.4,7,53.6,-0.35,3.31,0,3,0
11.2,54.3,55.8,82.0,1.6,4,92.1,1.56,3.98,0,8,0
5.9,64.2,76.3,52.1,0.0,3,32.4,-0.43,2.84,1,8,0
10.0,62.0,54.7,88.2,2.0,4,81.6,0.53,3.92,0,3,0
9.3,53.9,42.9,43.8,5.7,8,31.4,1.13,2.5,0,5,0
6.0,34.7,68.9,42.3,2.4,2,60.4,-0.97,1.83,1,3,0
6.8,61.2,79.3,66.5,0.0,7,44.4,0.43,3.25,1,6,0
9.0,71.6,68.8,99.2,3.4,11,93.7,0.36,4.0,0,8,0
6.5,17.3,31.7,53.0,4.6,3,44.4,0.99,2.51,0,8,0
8.3,75.9,64.0,89.0,1.6,7,50.8,-0.43,2.3,1,2,0
8.0,39.1,56.2,56.8,3.7,6,84.5,-0.82,2.22,0,6,0
8.7,43.8,96.1,58.6,2.0,4,84.0,-0.21,3.46,1,1,0
6.0,73.0,70.0,99.4,5.0,3,81.5,-0.1,3.31,1,8,0
6.1,62.7,80.5,79.4,3.6,7,55.4,0.66,3.8,0,7,0
7.1,35.9,66.3,49.5,2.2,2,66.4,0.87,2.78,0,6,0
9.0,81.3,96.4,59.0,4.3,6,55.7,1.48,3.12,0,7,0
7.6,75.7,66.2,94.1,5.5,1,30.7,0.63,3.42,0,6,0
5.8,63.3,66.1,85.8,4.3,5,33.8,0.17,3.53,0,2,1
6.0,64.1,64.6,64.9,3.2,1,46.5,-0.16,3.73,0,4,0
9.6,20.5,60.8,42.9,1.7,3,34.3,-0.12,2.58,1,2,0
5.8,85.4,85.7,68.8,3.4,3,59.8,0.25,3.22,1,4,0
13.9,86.0,100.0,80.4,2.1,5,71.5,0.89,3.87,0,5,0
4.0,25.4,45.8,59.8,3.7,2,31.6,-0.97,2.13,1,4,1
3.4,40.9,53.3,32.5,5.0,1,6.5,-1.2,2.91,0,3,0
9.5,68.3,81.3,63.6,2.2,5,70.8,0.38,3.06,0,7,0
5.2,41.1,59.4,47.4,4.7,1,40.4,-0.45,2.52,0,3,0
6.3,80.2,81.8,64.8,4.9,5,43.4,-0.42,2.86,1,3,0
7.4,24.6,60.2,74.4,0.2,4,81.5,-0.5,2.93,1,8,0
5.3,20.6,48.1,55.8,1.5,3,41.8,-0.08,3.54,1,4,1
8.9,37.9,92.6,100.0,0.0,5,74.7,0.87,3.11,0,6,0
11.0,68.1,75.5,58.7,5.9,6,82.9,1.53,3.0,0,4,1
4.4,70.0,74.3,90.8,3.6,5,37.0,1.06,3.8,0,7,0
4.3,57.7,59.5,45.6,4.4,6,54.5,-0.81,3.05,0,4,0
6.4,60.6,81.4,65.8,4.4,5,81.0,0.23,3.54,0,1,0
0.3,32.5,29.6,41.7,2.5,4,29.3,-1.8,1.65,0,1,1
4.5,31.7,42.2,62.7,0.0,1,16.5,-1.75,2.54,0,1,1
8.6,68.6,32.6,58.9,2.5,1,51.1,1.4,3.37,0,3,0
2.0,70.9,54.4,67.8,4.6,1,60.3,0.86,2.55,0,5,0
7.1,49.8,80.6,65.9,1.8,3,27.7,-0.08,3.44,1,2,1
6.3,51.2,63.5,28.5,0.0,3,33.6,0.76,2.81,1,1,0
4.8,43.0,43.5,52.5,1.6,4,83.6,0.49,2.32,1,7,0
6.6,95.8,94.9,61.9,0.0,3,84.2,-0.49,3.91,0,2,0
5.3,36.5,59.2,75.7,1.9,3,78.3,0.29,3.31,0,1,0
3.9,65.6,78.2,76.2,0.8,1,67.6,-0.5,2.81,0,4,0
10.2,61.0,94.7,75.9,1.2,5,90.5,1.19,3.84,0,4,0
0.0,50.9,46.8,26.5,3.1,2,30.8,1.02,2.98,1,3,0
5.5,62.9,80.7,48.5,4.3,1,59.8,0.78,2.58,0,7,0
5.8,56.9,61.3,74.4,0.5,8,87.5,0.07,3.18,1,3,0
5.4,62.4,44.4,64.7,3.7,5,66.5,0.64,2.54,1,2,1
6.2,36.4,73.0,100.0,3.4,4,50.2,-1.53,2.11,1,3,1
6.5,38.6,67.8,55.5,3.7,3,52.1,0.22,2.64,1,5,0
7.6,70.9,71.6,54.8,4.4,9,57.4,-0.02,2.09,1,5,0
8.4,63.3,86.0,100.0,3.0,8,63.2,0.99,3.54,0,8,0
4.1,33.9,57.7,37.8,6.4,2,37.5,-1.38,1.71,1,8,1
10.6,76.9,60.5,51.0,3.5,5,49.8,0.41,2.34,0,5,0
6.7,60.4,54.9,61.4,3.8,2,44.9,0.28,3.1,0,8,0
7.5,68.2,63.4,76.9,1.1,7,42.9,-1.25,3.35,0,7,0
9.3,74.3,67.4,65.8,3.9,3,58.1,0.12,2.97,0,3,0
5.4,54.0,30.5,58.8,2.4,2,29.6,-1.12,2.82,0,1,0
10.1,63.8,67.6,76.8,1.9,5,91.7,0.53,2.6,1,2,1
5.5,29.9,52.8,32.9,2.6,0,18.7,-0.01,2.08,0,6,1
6.0,13.5,37.9,66.3,2.3,1,45.0,-1.08,2.57,0,2,0
8.7,71.2,60.5,61.4,1.4,9,51.1,-0.26,3.71,0,8,1
7.2,65.6,57.0,64.5,2.6,5,53.8,-0.1,2.58,1,2,0
10.9,59.9,88.7,73.3,0.0,11,82.6,0.04,3.15,0,7,0
4.2,52.9,50.7,38.4,2.7,3,25.5,-0.09,3.43,0,6,0
8.7,54.3,84.9,61.3,3.5,6,25.7,-0.44,3.02,0,1,1
2.4,74.6,44.5,88.6,1.9,4,37.5,0.24,2.9,0,8,1
7.8,30.9,50.3,55.4,7.8,4,27.8,-0.04,3.32,1,3,1
6.4,57.8,68.9,31.6,4.0,6,50.5,-0.22,3.64,1,7,0
3.6,31.0,59.4,48.5,4.2,5,44.5,0.34,2.6,1,1,1
9.5,55.5,81.4,60.1,0.7,7,48.3,0.53,2.88,0,4,0
9.1,48.7,60.2,85.3,2.5,3,66.7,0.01,3.34,0,1,0
6.4,63.7,71.2,76.3,2.0,4,67.1,0.46,2.97,1,6,0
10.7,63.3,52.9,36.7,2.7,9,56.5,-0.43,3.54,0,8,0
9.7,69.0,72.3,86.3,4.5,11,62.4,-0.01,3.0,0,8,0
11.9,59.8,62.4,60.1,0.0,2,60.7,-1.04,2.65,1,3,0
8.6,35.3,49.9,55.4,2.2,2,84.3,0.58,2.41,0,6,0
10.1,86.2,57.8,66.1,2.8,6,90.7,0.28,3.52,0,6,0
7.3,75.5,87.5,100.0,0.1,7,95.6,0.67,3.37,0,7,0
8.7,45.9,71.0,68.3,0.0,6,44.8,0.28,3.62,0,1,0
4.4,56.9,55.2,56.7,3.0,2,26.1,-0.73,2.43,1,3,0
11.3,64.5,62.2,59.6,4.6,4,71.7,0.84,3.04,0,1,0
12.4,83.1,82.1,88.1,0.0,5,100.0,0.67,3.04,0,1,0
9.5,82.2,98.1,72.4,1.4,4,78.3,-0.22,3.01,1,8,0
13.3,82.6,59.0,75.1,2.8,7,51.2,0.11,2.54,1,2,0
4.9,73.4,69.1,68.9,0.3,6,68.5,1.21,4.0,1,2,0
5.6,47.8,37.5,53.6,3.0,2,46.7,-0.33,2.39,1,2,1
9.1,20.6,82.0,76.8,1.9,1,47.8,0.3,3.53,0,7,0
11.4,82.4,79.2,67.0,0.2,5,63.1,0.59,3.39,1,3,0
4.8,88.7,79.2,57.2,0.0,3,59.5,-0.57,2.15,1,5,0
6.3,15.7,8.1,79.8,4.1,2,30.4,-0.69,1.93,1,5,1
5.1,42.2,46.2,22.8,6.6,3,13.3,-0.76,2.22,0,7,1
7.2,77.3,54.8,50.2,6.2,5,71.2,0.02,2.82,0,8,0
7.9,70.2,82.9,87.7,4.9,4,54.1,-0.66,3.36,0,7,0
10.3,58.5,61.0,72.6,3.8,1,45.1,-0.79,2.68,1,5,0
7.7,28.6,55.2,23.4,6.3,3,73.5,-0.66,2.66,0,8,1
4.3,26.3,69.9,60.4,8.3,3,41.6,-0.26,2.07,1,5,0
5.0,77.0,83.0,60.1,3.1,5,75.7,0.28,2.71,0,3,0
5.0,42.1,59.1,34.9,2.5,4,13.6,-0.96,2.5,0,2,1
11.1,73.8,80.6,90.5,4.6,2,75.8,0.97,3.62,1,8,0
7.6,54.2,61.7,60.2,0.1,3,75.6,1.0,2.65,1,7,0
6.8,67.7,71.9,62.7,0.4,6,50.4,0.5,3.62,0,8,0
6.6,54.7,36.8,33.2,0.3,0,29.8,-0.5,2.51,1,2,0
3.7,46.2,59.4,50.5,4.7,3,47.9,-0.57,2.27,1,2,1
15.3,89.1,73.9,89.6,0.0,4,83.2,0.37,3.63,0,3,0
4.7,61.6,57.7,79.1,5.0,4,62.8,0.49,3.0,1,1,0
5.9,59.8,99.9,82.7,5.4,8,54.9,-0.02,2.75,0,8,0
4.2,46.5,66.5,62.6,6.2,3,56.7,0.43,2.23,1,4,0
2.5,66.0,48.0,59.7,1.0,1,75.1,0.62,2.83,0,6,0
10.8,94.3,73.4,100.0,0.0,7,100.0,1.45,3.46,0,3,0
7.2,54.4,68.9,80.1,0.8,8,80.7,0.28,3.9,0,6,0
13.3,76.4,91.9,76.7,2.8,12,78.3,0.09,4.0,0,6,0
6.9,24.0,51.4,53.8,6.2,1,80.8,-0.46,2.72,0,1,1
3.2,48.6,44.3,9.9,5.5,1,55.2,-0.16,2.8,0,6,1
16.2,61.5,75.7,95.0,3.1,7,67.7,0.24,2.65,0,7,0
6.9,55.1,70.1,88.8,7.2,5,64.8,0.74,2.33,0,2,0
6.5,66.1,69.8,74.4,1.9,4,47.8,0.17,2.79,0,7,0
5.4,41.2,80.2,91.7,0.5,5,75.1,0.56,2.55,0,2,0
6.0,49.1,57.2,56.4,0.7,4,63.2,-0.37,2.92,0,5,0
5.8,41.0,50.0,38.4,4.5,2,57.3,-1.35,2.15,0,5,0
1.6,33.8,49.2,28.0,3.5,2,38.5,-0.84,2.56,0,6,1
6.1,49.3,71.2,80.0,4.2,2,33.3,-0.17,2.88,1,1,0
5.6,28.8,63.7,36.8,2.9,3,47.4,-0.19,2.82,0,8,1
8.6,79.4,74.3,75.6,2.7,13,89.0,0.68,3.58,0,4,0
6.8,51.3,69.5,76.5,1.2,2,50.5,1.04,2.99,0,6,0
11.0,71.8,64.0,75.3,1.5,3,69.2,0.66,2.58,0,6,0
6.9,68.7,61.9,86.9,1.2,7,100.0,0.45,3.55,0,1,0
5.4,55.4,53.7,42.5,0.0,4,43.0,-0.23,2.23,1,1,0
6.1,48.6,43.1,50.4,3.1,1,43.8,-0.68,3.28,0,6,0
6.3,28.1,39.2,56.8,5.1,0,66.2,-0.57,2.66,0,7,1
7.9,75.0,68.8,57.0,0.7,3,61.3,-0.19,3.35,0,7,0
3.8,34.6,35.3,32.6,7.7,3,31.0,-1.27,1.94,0,4,1
4.1,55.7,51.0,62.9,3.7,2,43.5,0.09,2.69,0,1,0
6.7,23.8,57.1,37.8,2.8,5,54.0,-0.59,2.06,0,1,0
10.7,54.3,61.2,75.6,0.7,3,64.1,0.54,3.26,1,8,1
6.1,22.9,51.0,52.7,6.0,3,61.6,-0.74,2.22,1,3,0
6.3,47.6,46.7,62.5,1.1,6,61.7,-0.62,2.86,1,7,0
4.9,35.9,38.8,70.9,4.3,1,48.7,-0.63,1.81,0,4,1
3.7,45.8,70.8,61.5,5.2,1,59.8,-1.57,2.55,0,2,1
8.3,77.5,78.0,55.3,3.1,7,63.4,0.88,2.39,0,5,0
2.4,40.8,69.8,35.0,3.1,1,18.6,-1.23,3.17,1,2,0
8.4,83.8,62.9,67.2,3.7,7,76.9,0.24,3.28,0,6,0
8.3,58.8,94.1,81.6,2.0,2,71.0,0.84,3.34,0,7,0
9.7,65.5,61.6,85.5,0.0,5,58.8,0.21,3.5,0,2,0
7.1,26.5,45.8,50.4,6.1,0,54.4,-1.17,1.9,0,5,1
5.1,54.6,89.9,56.4,2.0,0,74.3,0.68,2.34,1,5,0
2.8,66.6,40.3,14.6,3.4,2,40.3,-1.45,2.77,0,1,1
8.0,31.5,77.2,77.2,3.7,2,52.5,-1.53,2.84,0,4,1
8.1,70.1,65.9,64.4,1.4,4,40.7,0.69,2.66,1,6,1
7.2,78.4,55.6,73.5,3.8,3,60.6,-0.61,3.42,1,6,0
11.3,47.7,50.1,72.0,0.2,5,67.1,0.96,3.21,1,5,0
4.2,51.7,56.1,41.9,2.2,1,48.0,-0.11,2.9,0,4,0
0.0,35.1,37.6,45.4,6.1,0,37.5,-0.33,2.72,0,8,1
8.0,72.9,74.4,69.1,1.5,4,88.8,0.33,3.07,0,7,0
12.2,57.2,46.0,90.7,0.1,3,66.0,-0.22,3.07,0,7,0
8.9,70.2,81.3,46.4,1.7,6,100.0,0.41,2.45,1,1,0
7.4,84.2,53.3,59.2,2.8,6,72.3,-0.12,2.95,1,6,0
3.7,30.3,43.3,35.9,1.1,0,0.0,-0.08,2.17,0,6,1
12.2,64.5,60.5,100.0,4.9,8,54.7,0.19,3.69,0,2,0
6.3,52.8,74.6,70.1,6.5,6,64.0,0.19,3.07,1,8,0
11.8,46.5,55.5,59.6,1.5,2,67.6,1.4,3.12,0,6,0
5.3,34.3,52.4,52.9,2.9,6,39.2,-0.82,2.29,0,8,0
13.3,100.0,95.7,100.0,0.6,6,66.5,1.38,4.0,1,5,0
7.7,54.8,68.3,97.7,4.4,3,50.7,-0.47,2.8,0,6,0
5.7,45.5,45.7,55.2,3.8,5,58.8,-0.18,2.9,1,8,0
9.6,71.2,52.3,57.3,2.4,5,77.1,0.19,3.64,1,5,0
2.5,44.2,54.7,47.1,6.9,2,18.9,-1.17,2.3,1,1,0
1.1,58.0,47.7,46.1,6.1,6,56.3,-0.49,2.39,0,4,0
8.4,58.6,57.8,79.1,0.2,2,45.7,-0.37,3.01,1,4,0
4.4,52.7,75.6,76.7,4.3,6,69.2,0.7,2.75,0,6,0
5.7,31.8,40.1,48.8,6.3,6,45.1,-1.33,2.46,0,3,0
10.1,92.5,71.9,90.9,1.9,9,61.1,-0.01,2.55,0,2,0
11.5,62.7,57.5,93.4,3.5,4,44.9,0.08,2.9,0,3,0
6.0,86.2,52.4,56.9,2.2,6,63.2,-0.27,3.14,1,4,0
4.0,31.6,36.5,24.7,1.7,1,28.0,-0.51,2.57,1,3,1
4.8,92.0,74.7,77.0,5.8,5,63.9,0.41,3.88,0,4,0
0.8,17.5,62.2,20.9,1.6,2,47.5,-1.8,2.7,0,5,1
4.6,47.0,55.8,57.6,5.3,4,78.1,1.03,3.43,0,7,0
7.5,38.2,46.4,36.0,3.6,4,26.9,-0.69,2.52,0,7,1
10.4,100.0,85.6,73.3,3.2,6,86.1,1.24,3.49,0,1,0
9.1,39.1,61.2,71.9,3.4,4,32.5,1.02,2.93,1,6,1
0.1,44.5,73.4,62.1,4.7,2,72.0,0.73,3.03,1,3,0
11.9,77.3,66.0,79.5,3.2,5,91.6,0.36,2.89,0,8,0
5.3,54.7,46.3,60.0,2.1,1,32.1,-1.2,2.19,0,6,1
10.6,62.7,84.8,77.5,1.8,6,75.1,-0.14,3.38,1,5,0
4.8,45.5,45.3,79.9,2.3,6,77.0,0.81,3.56,0,7,0
4.4,40.0,15.2,29.7,5.8,3,32.4,-1.18,2.25,1,5,1
2.8,7.3,75.4,38.4,4.5,1,46.1,-0.9,2.32,1,1,1
7.1,92.6,69.6,71.7,1.9,4,78.3,0.05,3.66,0,8,0
3.3,60.5,53.7,78.9,1.0,3,33.9,0.1,3.01,0,1,1
3.7,19.1,67.7,59.4,0.3,2,58.1,0.63,2.98,0,7,0
7.2,50.0,62.6,66.6,3.2,3,72.9,0.74,2.74,0,5,0
3.8,13.7,64.0,43.0,3.9,4,52.4,-0.67,2.35,1,6,1
2.7,35.4,72.5,73.8,0.7,5,85.3,0.33,3.36,0,5,0
7.1,41.8,40.8,68.9,4.3,0,20.4,-0.25,2.54,0,3,1
5.9,66.3,100.0,66.3,2.0,6,92.5,1.57,4.0,1,3,0
9.8,84.8,65.9,59.3,3.3,6,42.6,-0.12,2.89,0,7,0
9.6,51.6,54.2,49.0,3.8,0,26.5,-1.06,2.51,1,2,0
4.7,82.3,72.9,64.3,0.0,4,87.8,1.02,3.45,1,7,0
10.2,56.9,38.9,87.0,0.0,4,56.7,0.2,2.68,0,2,0
5.1,36.1,44.8,26.3,4.8,6,33.2,-0.87,2.69,0,5,1
7.6,91.5,61.0,67.7,0.3,3,75.6,0.55,3.29,1,2,0
4.8,54.4,43.6,43.2,1.7,4,12.1,-0.69,2.92,1,5,1
5.9,45.2,41.7,60.3,4.5,1,64.3,-0.4,2.07,0,1,1
7.1,43.0,73.7,48.6,6.7,5,93.3,-0.06,2.6,0,1,0
0.1,38.5,63.8,32.4,2.1,4,71.4,-0.57,1.91,1,3,1
7.8,28.4,43.8,40.7,8.8,1,36.6,0.38,1.89,1,6,1
12.0,88.0,78.6,85.8,0.8,5,79.0,0.33,3.35,1,4,0
5.7,31.8,60.6,70.5,4.4,3,30.5,-0.07,2.36,1,7,1
4.5,55.2,56.0,69.8,5.0,2,74.1,-0.15,2.71,1,7,0
6.1,34.0,71.8,59.4,5.0,5,71.5,-0.71,2.86,0,6,1
11.5,64.6,78.2,49.6,2.8,4,74.3,0.12,3.39,0,8,0
9.4,45.9,74.2,56.1,1.5,8,75.1,-0.38,3.5,0,5,1
8.7,80.2,57.0,40.8,4.1,3,67.8,1.42,3.36,1,8,0
0.0,19.8,41.8,32.1,5.6,2,19.7,-1.21,2.46,1,6,1
3.1,23.3,48.7,32.9,3.2,3,82.8,-0.84,2.49,0,3,0
8.5,47.3,71.4,68.6,5.0,0,61.2,1.49,3.17,0,8,0
8.5,34.9,55.6,63.7,3.8,4,48.5,-0.54,3.33,0,2,1
5.9,60.9,54.1,90.4,1.3,2,77.1,0.75,3.23,1,5,0
10.4,77.7,72.4,78.3,0.5,7,64.0,0.62,2.35,0,3,0
5.0,74.6,57.0,69.2,6.3,3,62.8,-0.98,2.97,1,2,0
9.1,89.7,70.3,51.8,0.9,6,95.7,0.25,2.35,0,5,0
6.6,80.2,68.8,62.0,4.3,2,68.8,0.23,1.96,1,3,0
2.9,66.9,65.9,73.4,3.7,5,68.3,-0.06,2.58,0,4,0
6.4,44.2,46.0,65.3,4.4,0,28.9,-0.09,2.75,0,3,0
6.2,62.3,69.8,51.2,6.3,6,69.1,-0.2,2.81,0,5,0
12.6,35.3,98.0,70.0,3.8,2,52.6,0.06,2.38,0,2,0
6.1,65.4,71.2,64.3,4.4,4,50.1,-0.16,3.31,0,5,1
11.4,82.0,78.7,79.4,0.8,4,83.7,2.03,3.18,1,7,0
3.2,73.5,74.0,48.2,1.8,4,51.8,-0.73,3.01,1,5,1
11.6,72.2,100.0,56.6,5.8,6,95.6,0.68,3.29,0,3,0
3.2,43.4,57.7,33.1,3.9,0,53.5,-0.64,2.16,0,5,1
3.6,29.6,33.6,56.7,3.2,3,63.1,-1.23,2.85,1,6,0
10.2,26.3,48.6,50.5,5.1,3,8.2,-0.67,2.03,0,1,1
3.1,9.6,62.3,44.2,4.5,1,80.6,-1.49,2.45,1,7,1
7.8,85.0,45.3,87.3,5.3,5,66.0,-0.32,3.29,1,4,0
9.2,70.4,73.5,61.0,3.9,4,79.0,-0.69,2.18,1,2,0
6.8,59.9,69.5,60.4,0.0,9,23.3,-0.57,3.45,0,4,0
7.4,54.4,74.8,51.2,1.7,4,48.6,0.61,2.32,1,7,0
5.1,33.6,44.4,49.6,4.2,3,10.8,-0.44,1.78,1,6,1
6.7,39.2,61.4,52.3,5.2,4,35.8,0.33,2.37,0,7,0
15.7,77.3,82.9,71.9,0.0,5,77.4,1.2,3.83,0,8,0
3.6,38.7,63.5,30.1,4.4,3,42.5,-0.43,1.85,0,8,0
11.0,70.6,68.6,49.9,4.2,3,82.0,0.01,3.25,0,3,0
9.1,58.2,56.7,62.5,4.1,4,95.3,0.83,3.23,0,3,0
4.8,59.6,34.8,24.8,4.6,1,11.1,-0.09,2.13,0,6,0
7.4,51.0,60.2,45.2,5.0,6,46.1,-0.85,2.95,0,7,1
11.5,55.3,76.1,84.5,1.2,3,37.6,1.46,2.72,0,8,0
5.3,56.5,63.3,65.6,5.1,2,72.4,-1.01,3.08,0,1,0
7.2,60.1,48.8,88.5,3.1,2,53.4,-0.53,2.5,0,8,0
11.9,67.6,60.4,49.0,2.1,9,68.7,0.44,2.38,1,3,1
2.7,42.3,54.4,48.3,4.1,2,44.2,-0.6,2.34,0,8,1
12.7,79.9,74.2,76.5,2.6,4,72.5,1.94,3.87,1,7,0
10.1,65.0,88.6,83.0,0.0,7,62.2,1.35,3.7,0,6,0
6.4,56.4,75.3,100.0,3.4,5,74.4,0.84,4.0,0,3,0
0.0,37.7,58.2,10.6,6.3,4,26.9,-0.33,2.06,1,7,1
5.1,66.0,44.4,43.0,2.9,8,52.8,-0.2,2.52,1,7,0
11.6,45.7,91.7,65.4,1.8,4,42.2,0.12,3.17,0,7,0
3.5,45.4,83.6,65.0,0.3,8,71.9,0.7,2.82,1,3,0
9.6,48.1,68.8,44.5,0.0,9,58.8,0.55,3.04,0,4,0
8.3,60.1,46.8,75.7,3.6,6,54.1,-0.73,2.21,1,8,0
3.8,67.8,85.6,82.3,3.2,0,73.8,0.76,1.75,0,1,0
5.5,41.3,52.4,72.1,2.0,3,48.4,-0.0,2.63,1,5,0
6.3,72.9,54.2,28.3,1.2,1,64.9,-1.19,2.52,0,2,0
9.3,50.7,67.8,68.1,3.6,3,27.6,-0.53,3.25,0,6,0
10.9,75.6,61.9,74.6,2.1,3,84.4,0.29,2.59,1,1,0
3.5,52.7,60.5,54.9,2.2,1,66.4,0.13,2.25,0,4,1
8.2,63.6,69.4,83.1,3.8,4,62.9,1.08,4.0,0,6,0
10.7,46.0,83.5,81.1,1.0,4,39.1,0.2,2.16,0,5,0
3.5,30.8,43.8,41.5,4.6,1,20.2,-0.87,2.53,0,8,1
9.4,42.6,66.9,67.2,0.0,3,81.3,0.32,3.58,1,5,0
11.4,44.1,39.7,65.3,0.3,1,45.0,-0.44,2.36,0,6,0
10.0,45.1,81.4,74.8,3.2,3,57.8,0.16,2.34,0,2,0
10.7,64.8,94.9,82.4,1.3,3,48.8,0.36,4.0,1,7,0
12.3,98.5,98.0,84.0,0.0,7,100.0,0.1,3.67,0,5,0
9.0,70.5,80.1,75.1,4.3,4,44.7,0.62,3.45,1,1,0
13.0,75.0,80.3,83.3,1.7,3,84.2,0.37,3.58,0,5,1
10.3,74.5,85.3,79.0,0.0,6,88.4,0.22,3.97,1,6,0
10.2,51.4,60.5,66.8,4.5,5,52.6,-0.39,1.72,0,4,0
11.9,100.0,69.0,100.0,0.0,3,71.6,1.45,3.37,1,5,0
3.8,42.1,61.6,65.3,0.0,4,54.0,0.32,3.46,0,4,0
5.5,40.6,62.1,58.1,2.0,3,54.3,-1.56,1.83,0,5,1
0.0,44.0,38.0,47.5,3.8,1,34.6,-0.26,2.27,0,2,1
10.5,85.0,44.4,100.0,2.1,5,97.7,0.37,3.36,0,8,0
7.9,60.2,55.5,69.9,0.0,10,53.0,0.1,2.77,0,1,0
14.4,59.0,86.8,88.6,0.0,2,88.2,0.49,3.38,0,4,0
10.2,73.0,52.6,64.4,0.4,5,38.6,-0.33,3.44,1,5,1
6.8,57.2,43.1,29.4,2.5,5,27.2,-0.5,2.6,0,3,0
2.6,38.7,48.3,51.1,5.1,3,31.5,-1.18,2.39,1,3,1
9.7,49.4,71.1,86.7,1.5,7,44.2,0.03,2.67,0,7,0
9.9,87.8,89.8,100.0,2.2,7,91.6,0.86,3.9,0,1,0
14.2,61.7,91.7,60.1,2.9,3,84.4,1.53,3.87,0,8,0
5.7,62.1,68.9,83.1,3.2,5,26.1,0.38,3.31,1,7,1
6.0,63.8,44.2,31.3,0.0,4,85.2,0.12,2.73,0,6,0
2.3,55.6,63.5,63.5,2.9,2,49.1,-1.15,2.75,1,4,1
5.5,40.2,31.4,58.9,3.2,0,45.7,-0.5,3.01,1,7,0
9.5,62.2,58.0,43.8,3.8,5,64.7,-0.29,2.6,0,2,0
12.7,100.0,97.5,98.5,0.0,10,100.0,1.67,3.64,0,6,0
5.4,54.3,82.2,48.7,1.9,4,42.3,-1.05,2.36,0,2,0
0.0,24.5,46.8,56.9,0.6,3,14.5,-0.8,3.37,0,1,0
9.2,51.9,75.5,64.2,0.0,5,91.0,1.16,2.98,0,2,0
4.3,48.5,41.7,33.4,4.0,2,14.9,0.03,2.1,1,8,1
7.3,69.8,71.0,86.7,0.5,1,90.2,0.55,2.93,1,8,0
9.1,69.3,64.5,33.0,1.7,2,34.0,-1.02,1.72,1,5,1
7.2,34.9,68.7,74.8,2.4,5,49.3,-0.66,3.08,0,6,0
12.9,75.2,76.1,53.2,0.3,3,54.4,0.86,3.38,0,8,0
4.8,51.7,46.6,27.3,4.4,2,17.4,-0.43,2.43,0,1,0
4.6,32.0,64.2,46.5,2.7,6,44.3,-0.55,2.5,0,6,1
2.7,48.6,30.3,44.7,1.0,2,33.8,-1.39,2.72,1,4,1
6.3,66.0,69.8,65.8,0.0,7,60.8,1.1,3.67,1,2,0
8.2,44.9,60.9,43.8,2.8,4,84.7,-0.57,2.08,0,5,0
9.7,63.4,70.3,100.0,0.2,5,92.7,1.21,4.0,0,7,0
7.1,50.2,13.3,72.4,0.5,4,49.7,-1.36,2.56,0,8,0
7.1,97.8,87.6,65.3,3.5,5,17.1,1.06,3.45,1,6,0
1.3,39.6,45.6,36.9,4.7,2,52.7,-1.14,2.45,0,6,1
8.8,46.0,49.7,60.9,1.4,5,100.0,0.91,3.03,0,7,0
6.4,85.1,80.7,100.0,1.8,5,62.6,0.68,3.41,0,2,0
5.4,39.6,56.9,59.1,0.9,3,39.2,-0.99,3.46,1,1,0
2.7,72.5,43.6,78.4,5.0,7,52.8,-0.14,3.08,1,1,0
5.5,34.1,65.6,71.9,7.0,3,30.1,0.93,2.73,0,2,0
4.4,40.3,48.3,43.4,2.7,4,48.3,-1.0,2.37,0,6,0
7.1,83.6,59.6,58.0,4.8,12,89.8,1.19,2.76,0,8,0
9.5,45.3,55.8,77.2,0.8,5,48.5,0.34,3.34,0,1,0
2.8,24.0,24.9,20.8,3.8,0,16.1,-0.3,2.37,0,8,0
15.6,78.6,76.2,62.5,5.2,3,61.9,0.31,2.89,1,3,0
8.8,26.1,51.4,76.9,2.2,6,53.0,0.09,3.69,0,8,0
4.2,79.4,61.2,68.7,3.4,3,40.1,1.46,3.71,0,6,1
5.5,46.6,58.2,50.0,2.7,5,44.0,0.19,3.63,0,8,0
7.6,82.9,84.9,63.7,0.0,5,52.8,0.07,2.67,0,8,0
2.2,20.0,46.4,31.2,8.9,5,61.1,-0.52,2.27,0,8,1
10.0,54.2,85.3,87.8,1.0,6,96.8,0.35,3.32,0,1,0
6.2,52.7,68.3,68.4,2.7,3,88.0,0.26,4.0,0,8,1
7.4,43.2,70.7,39.0,1.5,7,68.8,0.6,2.82,0,7,0
0.9,42.8,78.6,46.7,4.9,7,52.7,-0.41,3.3,1,8,0
10.6,53.1,61.2,61.7,3.8,8,46.5,-0.35,3.55,1,8,0
4.6,35.6,71.1,66.9,0.0,6,91.3,-0.21,3.13,0,4,0
3.8,35.8,50.6,55.0,4.2,4,47.3,-0.57,2.47,0,2,0
8.1,79.0,85.0,71.0,3.2,4,54.1,0.22,3.69,0,6,0
8.0,53.9,65.5,100.0,5.0,3,42.7,-0.8,3.58,0,3,0
5.9,55.2,52.7,79.4,4.3,3,30.9,-0.86,2.71,0,2,0
4.0,31.1,42.7,59.9,5.8,1,0.0,-0.16,2.0,0,6,0
13.1,57.8,100.0,68.8,0.2,6,86.3,0.72,3.97,0,1,0
8.4,46.7,63.3,28.5,0.5,5,31.7,-0.09,2.23,1,3,0
7.5,59.3,41.6,59.8,2.0,3,46.3,-0.49,3.09,0,2,0
8.0,50.2,56.7,65.7,0.3,5,57.0,-0.39,3.4,1,1,0
8.2,6.8,42.4,36.2,2.9,1,30.2,-1.25,2.45,0,6,1
11.4,90.0,73.9,70.0,0.2,7,60.1,0.4,3.04,1,1,0
6.6,42.5,63.3,38.3,0.7,5,86.8,-0.92,2.45,0,6,0
8.5,24.8,56.9,41.7,4.6,3,19.3,0.26,3.2,0,2,0
8.5,59.2,71.4,62.1,0.5,4,34.1,0.11,2.9,1,6,0
3.1,39.8,57.4,45.4,7.1,1,56.1,-0.24,2.18,0,2,1
6.3,62.5,72.7,53.5,4.8,2,44.8,0.5,3.43,0,8,0
4.7,77.6,52.1,59.4,4.5,4,54.4,0.83,3.55,0,2,1
0.0,54.6,50.6,76.9,2.1,4,27.6,-0.73,2.08,0,3,0
4.7,55.3,68.0,73.4,3.1,3,63.9,0.37,4.0,1,8,0
10.5,85.6,83.1,97.6,0.0,8,82.3,1.12,3.2,0,3,0
5.7,20.0,45.6,55.8,3.9,1,48.9,-0.21,2.99,1,4,1
1.8,59.7,46.9,31.6,0.0,6,36.1,0.24,3.59,0,8,0
0.3,44.0,48.5,69.0,5.2,2,39.4,0.31,3.22,0,3,0
7.1,59.8,54.8,59.7,3.1,2,31.6,-0.41,2.39,0,1,1
10.9,97.8,60.7,100.0,1.7,5,99.0,1.71,2.85,0,3,0
8.5,35.0,33.8,56.1,4.8,3,69.9,-0.57,3.48,0,2,0
14.6,82.5,88.9,87.8,0.0,7,100.0,0.97,4.0,1,2,0
5.9,52.1,52.8,43.3,2.5,0,47.4,-0.22,1.66,0,3,0
7.1,21.1,43.5,70.3,2.5,3,75.2,-0.11,3.67,1,1,0
6.8,57.9,74.2,42.8,4.0,5,41.1,0.47,3.07,1,4,0
9.4,84.8,68.1,76.1,2.2,3,48.7,-0.19,2.87,0,8,0
8.6,81.9,79.9,68.4,3.0,5,80.1,-0.88,2.98,1,2,0
5.4,41.7,62.8,94.9,4.4,2,54.6,0.33,2.97,1,5,0
0.9,53.8,62.9,52.5,2.7,2,58.1,-1.13,3.15,0,8,1
8.2,49.9,75.5,74.3,1.9,8,84.0,-0.09,2.9,0,4,0
11.0,58.9,75.2,73.0,2.4,2,80.7,0.8,3.19,0,6,0
9.8,57.8,63.7,50.0,5.2,0,35.8,0.42,4.0,1,5,0
9.8,81.0,75.9,86.4,0.9,6,74.8,1.34,3.61,0,8,0
4.5,64.1,60.1,65.9,5.1,3,39.2,-1.27,3.34,0,5,0
9.3,74.1,65.8,78.4,3.2,5,44.1,0.2,2.44,0,5,0
8.4,46.8,80.1,82.4,0.7,3,35.8,0.18,2.47,0,2,0
8.7,73.4,100.0,82.1,1.5,3,76.7,1.21,4.0,0,8,1
1.4,28.3,57.9,37.2,1.4,3,12.4,0.41,3.13,0,2,1
10.8,39.0,59.1,41.3,0.7,4,55.3,-1.13,3.5,0,7,0
10.9,58.4,88.6,100.0,3.0,7,95.6,0.51,3.24,0,8,0
11.3,77.4,79.0,77.7,3.4,5,80.9,1.01,3.91,0,5,0
6.9,84.9,60.9,100.0,1.8,6,71.5,0.28,1.99,0,5,0
5.0,56.3,41.7,36.1,3.8,4,70.9,0.52,2.78,1,4,1
6.9,39.4,85.2,96.3,1.5,2,64.3,-0.21,3.44,0,2,0
5.6,30.0,35.8,26.9,4.6,1,20.5,-0.97,1.96,0,5,1
7.7,18.9,54.3,38.2,7.9,3,42.0,-1.3,2.94,0,8,1
6.0,55.9,65.1,86.2,3.6,7,100.0,0.72,3.28,1,1,0
8.2,72.3,99.3,100.0,0.9,4,63.1,-0.88,3.56,0,6,0
9.9,69.3,64.1,81.1,1.8,3,41.1,0.16,3.0,0,8,0
5.7,62.5,63.3,33.5,2.0,4,68.3,0.75,3.68,1,2,0
7.7,55.4,52.4,45.2,0.5,5,44.8,-1.16,2.43,0,2,1
2.2,36.6,47.1,20.0,3.5,0,22.6,-1.91,1.91,0,8,0
7.8,70.0,86.3,67.5,2.3,4,60.5,1.62,3.18,0,6,0
4.9,88.5,85.8,76.9,0.0,8,37.1,1.29,3.12,0,6,0
6.4,54.2,60.3,18.9,3.0,4,19.3,-1.25,2.67,1,6,0
9.2,55.5,71.1,83.7,0.1,4,92.8,1.27,3.39,0,1,0
6.3,27.4,53.1,53.3,5.7,0,36.9,-0.49,1.96,1,6,1
8.2,47.6,72.9,89.1,0.0,1,24.5,0.71,3.15,0,7,0
0.0,50.3,69.3,60.1,3.0,8,92.4,0.03,3.58,0,5,0
8.3,65.1,56.9,48.0,4.8,4,79.8,0.9,2.44,0,3,0
4.0,72.1,84.9,82.7,1.8,4,84.1,0.0,3.05,0,2,0
0.5,28.5,61.1,67.7,2.2,3,38.2,-0.62,2.53,0,6,0
5.4,60.4,86.1,100.0,2.2,7,74.8,1.11,3.55,1,5,0
4.2,57.6,66.0,95.3,4.9,9,75.4,0.34,3.06,1,6,0
7.1,52.3,37.6,61.7,5.7,3,78.7,-1.06,2.72,0,1,0
3.8,24.9,51.6,46.9,3.2,7,38.8,-0.24,2.67,0,8,0
6.5,94.7,74.9,94.7,0.0,6,65.1,0.59,4.0,0,1,0
8.2,79.1,65.1,63.3,1.8,3,77.5,-0.19,3.13,1,2,0
4.2,60.8,72.3,63.6,0.0,8,78.8,0.73,3.56,1,1,0
6.4,45.6,63.9,36.8,3.0,3,36.5,0.7,3.05,1,1,0
9.3,46.4,68.4,57.7,4.3,1,60.8,-0.88,2.0,0,5,1
9.4,82.3,71.2,100.0,0.7,3,78.4,0.81,3.28,1,6,0
6.3,6.4,46.1,30.3,3.4,4,26.0,-1.24,2.86,0,1,1
6.6,48.9,35.5,30.0,4.4,1,17.6,0.45,2.3,0,3,0
6.0,39.2,33.8,53.1,2.8,2,28.9,0.01,2.62,0,8,1
10.6,47.9,57.5,40.0,4.6,4,41.6,0.38,3.14,1,8,0
8.4,100.0,93.8,91.6,0.0,4,59.1,1.42,3.96,1,8,0
1.0,44.1,52.5,57.2,4.3,2,55.5,-0.18,2.69,1,5,0
4.3,74.6,79.2,69.9,2.1,3,87.3,0.18,2.98,1,5,1
6.8,72.9,62.5,76.9,3.0,5,70.6,1.26,1.98,0,8,0
9.7,44.5,78.2,49.2,0.0,4,49.8,0.79,3.17,1,8,1
6.4,56.2,72.3,98.6,3.5,6,87.9,0.05,3.13,0,2,0
6.9,96.6,89.5,65.0,3.1,1,73.1,-0.06,2.68,0,5,0
0.5,40.3,40.3,35.1,7.6,1,44.7,-1.04,2.2,0,2,1
4.9,51.8,53.7,72.7,1.3,2,45.4,0.59,2.62,1,1,0
13.7,70.6,98.8,93.7,0.1,5,99.9,1.7,3.59,1,4,0
10.6,78.9,70.6,100.0,0.0,5,95.6,1.95,3.25,0,3,0
5.0,57.1,61.8,44.2,1.4,6,50.4,-0.57,3.02,0,6,0
12.7,76.9,70.2,65.7,4.4,4,87.7,0.72,3.46,0,3,0
5.8,62.0,66.5,36.2,3.9,5,69.0,-0.55,3.31,0,1,0
8.4,49.1,83.7,71.1,0.8,4,55.8,0.14,2.82,0,7,0
8.9,33.6,49.4,52.5,3.4,5,50.1,0.34,3.63,0,4,0
8.9,89.9,84.2,70.0,1.4,7,76.8,0.63,3.93,0,5,0
9.5,88.4,71.5,63.1,0.0,4,39.3,0.85,3.69,0,4,0
9.9,73.1,68.3,52.1,0.0,3,70.5,-0.12,3.17,0,5,0
3.5,52.4,63.5,65.2,6.4,2,55.4,-0.31,2.19,0,5,0
6.1,72.0,95.0,68.9,3.1,3,71.8,0.36,3.1,0,5,0
6.1,52.3,47.0,47.7,0.2,2,57.4,-1.33,3.6,1,4,1
9.2,54.0,73.3,22.3,2.8,7,78.3,-0.78,3.33,1,1,0
10.2,62.4,75.0,45.4,0.8,4,57.8,0.36,2.61,1,5,0
14.3,97.2,82.0,73.2,3.6,2,83.5,1.87,3.93,0,6,0
5.7,71.5,59.5,57.7,3.7,5,47.0,-0.28,2.48,0,8,1
8.0,42.1,39.3,66.9,1.0,4,40.4,-0.34,2.89,1,1,0
4.0,27.2,63.5,37.2,3.2,1,60.8,0.19,3.23,0,5,0
8.9,63.6,73.7,78.1,2.1,1,70.7,-0.03,3.87,0,1,0
11.9,52.4,98.0,85.5,1.7,5,81.1,0.21,3.4,1,7,0
11.0,67.4,63.9,83.8,1.0,7,70.1,0.46,3.14,0,7,0
6.0,30.0,36.3,69.8,3.4,2,57.7,-0.57,2.69,0,6,0
8.9,92.1,62.7,62.1,0.0,0,100.0,-0.44,3.9,0,7,0
6.1,76.5,90.4,81.0,0.0,2,87.0,-0.01,3.58,0,6,0
7.5,72.6,63.2,96.1,0.0,5,70.7,0.63,3.09,0,1,0
5.2,81.1,86.7,92.8,0.0,4,75.9,0.73,2.23,0,8,0
7.4,69.7,69.5,99.1,3.0,10,60.3,1.1,1.91,0,1,0
4.0,73.9,59.2,76.1,3.0,2,64.6,1.12,3.29,1,8,0
4.8,84.0,92.4,60.6,5.2,6,73.3,-0.28,2.5,1,2,0
6.2,32.8,62.5,5.8,3.6,1,40.3,-1.14,2.12,1,8,1
5.8,42.7,43.6,24.0,5.5,2,51.9,-1.15,2.24,0,6,1
8.2,53.0,85.3,67.4,2.0,3,93.1,0.38,4.0,1,6,0
3.8,32.4,45.3,35.3,4.9,0,33.6,-1.19,2.35,0,4,1
6.3,80.5,61.2,42.9,4.9,2,13.6,-0.39,3.04,0,5,0
9.5,76.7,91.1,76.4,3.3,5,100.0,-0.2,3.4,0,7,0
9.7,66.7,54.5,77.5,2.1,2,57.8,0.92,2.02,1,5,0
4.3,63.5,61.7,67.3,1.2,4,65.2,-0.41,2.82,0,2,0
1.0,55.6,63.6,75.1,3.2,6,71.4,-0.57,2.31,1,1,0
2.9,47.7,58.0,45.4,6.2,3,72.9,-0.06,3.49,1,1,0
11.2,81.1,72.8,100.0,1.0,7,100.0,1.53,2.82,0,5,0
10.2,68.3,78.1,49.9,1.6,7,56.4,0.07,2.84,1,7,0
11.4,89.8,69.7,82.8,2.7,8,100.0,1.44,3.46,0,8,0
4.6,28.7,26.8,42.8,1.7,1,36.6,-0.43,1.73,0,3,1
1.8,36.4,43.2,14.5,3.4,3,87.7,0.43,2.42,0,5,1
6.2,55.5,81.7,50.7,1.1,6,73.1,0.28,2.76,1,8,0
9.5,63.2,100.0,88.1,1.5,9,69.3,1.58,3.4,1,5,0
5.9,67.7,72.6,61.1,4.9,3,48.3,0.22,3.29,0,2,1
2.6,54.6,50.1,23.9,4.8,0,0.0,0.42,2.71,0,1,1
8.1,88.7,73.6,60.0,0.0,3,80.5,1.25,3.39,0,4,0
6.9,47.8,57.1,31.2,2.3,4,64.5,-0.5,3.15,0,7,1
3.1,35.2,71.1,59.3,0.5,2,60.2,-0.81,1.78,1,7,1
4.6,40.3,37.5,52.0,5.7,1,2.9,-0.76,2.91,1,5,0
10.1,36.0,75.4,37.4,1.7,7,33.2,0.19,2.33,1,7,0
5.1,61.5,41.9,33.8,3.2,5,62.1,-0.84,2.47,1,8,0
9.3,40.0,69.3,66.4,2.0,5,100.0,0.27,3.37,1,7,0
3.6,48.7,45.5,42.9,4.6,3,36.4,-0.02,2.55,0,7,0
5.7,66.0,62.6,46.7,0.0,5,71.4,0.19,3.01,0,5,0
10.4,5.4,58.0,62.5,3.8,4,33.6,-1.61,2.28,0,4,1
10.2,91.3,78.1,83.2,0.6,2,77.2,-0.21,4.0,1,8,0
4.6,80.8,71.1,80.1,3.8,3,62.2,1.65,2.96,0,2,0
13.7,70.6,59.9,59.8,1.9,4,97.4,1.39,3.05,1,3,1
5.9,24.6,59.6,46.7,4.8,5,36.2,-0.78,1.94,1,8,0
9.1,63.5,88.8,98.2,0.0,6,100.0,-0.17,2.76,1,2,0
11.2,49.6,83.3,58.0,0.1,6,57.5,-0.54,2.35,0,5,0
3.7,65.1,77.1,41.3,5.2,1,29.2,-0.03,2.81,0,2,0
8.6,29.3,52.5,37.5,5.1,1,21.2,0.53,2.71,0,6,1
10.5,91.5,97.4,76.1,1.7,8,67.5,1.93,3.06,1,4,0
7.9,41.6,53.6,53.6,3.9,6,53.4,-1.34,2.03,1,2,0
13.9,50.4,40.8,48.7,3.9,2,41.5,-0.36,2.65,0,5,0
6.5,25.0,69.0,26.3,0.6,1,36.8,-0.73,2.78,0,4,0
7.5,43.2,75.6,85.3,4.6,9,78.6,0.27,3.17,1,8,0
2.2,59.3,50.7,56.1,3.4,5,0.0,-1.31,2.03,0,8,0
9.5,72.4,77.3,83.1,1.2,1,68.1,0.35,3.32,1,4,0
3.9,56.2,65.6,58.0,2.1,3,30.4,-0.63,3.6,0,5,0
10.2,100.0,78.9,81.8,0.0,7,66.0,1.21,2.97,1,5,0
13.2,45.9,62.2,43.9,4.4,4,55.2,-0.55,2.7,0,5,0
9.3,66.1,62.3,47.2,0.0,2,66.7,0.25,3.51,0,3,0
2.5,51.3,35.7,66.7,4.4,1,32.0,-0.44,1.86,0,5,1
9.5,76.0,63.0,82.2,0.0,9,98.3,1.7,3.74,1,2,0
10.0,87.9,100.0,64.4,0.3,3,83.3,2.23,2.95,0,8,0
4.7,35.6,36.3,15.2,4.2,0,58.1,-0.91,2.33,1,6,0
6.6,53.9,76.1,66.0,1.1,5,69.3,-0.09,2.89,0,1,0
10.6,63.6,46.8,63.8,2.5,3,37.1,0.68,2.11,1,3,0
1.9,23.4,36.9,23.6,3.7,1,64.6,-0.32,2.48,0,3,0
5.7,64.8,65.3,41.8,1.0,2,57.9,0.36,2.33,0,8,1
3.1,49.7,71.0,43.1,5.8,4,80.4,-1.35,2.52,0,1,0
4.4,40.4,46.5,23.2,1.9,7,42.3,0.34,2.93,0,7,1
5.1,73.1,71.0,71.1,2.8,6,78.1,0.8,2.85,0,2,0
0.0,6.5,43.7,44.5,4.8,5,54.3,-0.94,2.33,0,3,1
12.2,98.5,81.1,100.0,3.0,10,78.2,0.47,4.0,1,8,0
0.8,23.0,39.9,43.5,2.5,1,68.2,-0.1,1.53,0,3,0
8.9,45.3,50.3,72.2,1.9,4,98.2,-1.29,3.77,0,5,1
2.3,24.0,46.4,63.8,4.0,4,0.0,-0.91,1.54,0,6,0
8.5,22.5,66.1,41.3,4.2,5,66.9,-0.59,2.41,0,8,0
0.6,47.2,37.2,39.4,3.2,4,27.7,-0.96,2.66,0,8,0
8.9,63.0,56.4,56.8,3.5,2,13.2,-0.19,3.27,1,7,1
9.5,59.5,70.6,48.4,1.5,4,77.8,-0.48,3.35,0,4,0
7.0,38.3,77.8,52.5,5.4,1,60.8,0.41,2.76,1,3,0
5.8,16.5,6.4,53.9,4.5,0,43.7,-2.24,1.96,0,6,0
6.2,57.6,62.6,69.0,2.9,3,58.0,-0.13,3.51,0,7,1
1.6,36.2,74.7,85.0,3.1,4,78.0,-0.33,3.42,1,8,0
5.4,30.0,39.2,35.5,7.2,0,29.2,0.54,3.0,0,2,1
8.6,37.8,62.8,50.9,1.2,7,67.6,0.21,2.84,0,7,0
3.0,43.0,48.0,74.5,6.3,4,48.2,-2.08,1.13,0,8,0
2.9,36.0,51.2,52.8,2.0,3,68.9,-0.15,3.05,1,4,0
6.3,64.9,84.2,39.9,2.7,5,59.9,-0.6,3.12,0,1,0
9.8,67.7,59.0,95.3,1.5,7,48.0,0.38,2.84,1,7,0
6.3,85.0,81.5,71.3,1.3,8,66.7,0.75,2.9,0,7,0
0.0,8.3,43.2,0.0,3.4,2,6.9,-0.19,1.92,0,3,1
3.2,58.9,70.3,83.7,4.2,9,70.7,0.09,2.58,0,2,0
6.2,66.7,49.2,23.1,2.1,3,26.5,0.32,2.79,0,6,0
12.5,75.0,72.4,75.7,3.2,5,73.4,0.35,2.58,0,1,0
13.6,74.3,67.5,82.0,1.2,3,65.9,-0.1,3.47,1,5,0
8.6,28.3,54.0,72.8,2.7,2,29.7,0.64,3.92,1,5,1
6.2,77.0,82.9,96.8,4.9,5,41.6,-0.33,2.91,0,8,0
0.0,9.5,11.9,46.6,3.4,2,11.0,-1.17,1.24,1,4,1
6.4,45.7,63.5,72.5,2.5,5,33.4,-1.0,2.35,1,1,0
8.3,50.7,24.9,48.1,3.2,2,71.2,0.03,2.7,0,4,0
7.2,76.3,70.4,67.9,1.9,1,67.1,-0.14,3.45,0,1,0
11.2,58.0,77.4,61.6,3.7,5,71.6,-0.09,3.82,0,6,0
2.9,49.7,28.6,59.9,4.4,3,57.1,-0.83,2.66,0,8,0
8.2,58.3,64.2,48.9,3.5,3,72.8,0.74,1.88,1,8,0
10.6,65.0,70.4,80.0,0.1,7,62.2,-0.14,2.42,0,1,0
1.5,28.6,56.7,38.1,4.1,3,33.3,-0.66,2.78,1,7,0
4.6,36.5,39.1,27.1,5.0,1,43.8,-1.65,2.04,1,5,1
9.3,75.5,49.7,71.7,4.7,7,36.6,-0.91,3.42,0,8,0
9.3,60.1,64.1,93.2,0.4,7,100.0,1.14,3.1,0,4,0
8.6,95.7,84.6,57.7,0.8,4,100.0,1.04,4.0,1,5,0
7.8,64.8,71.1,46.9,4.4,9,58.5,-0.07,2.5,0,1,0
6.7,76.2,53.3,19.6,0.9,6,62.4,0.88,2.91,1,5,0
6.9,71.0,61.7,61.6,0.0,0,65.5,-0.83,2.62,0,4,0
7.2,56.5,82.7,59.7,0.4,4,52.2,1.44,3.21,1,8,0
0.1,42.1,45.4,37.5,2.7,1,48.6,0.05,2.94,1,4,1
4.9,28.9,49.4,60.1,6.3,2,32.6,-0.95,2.46,0,2,0
13.5,90.7,82.6,84.9,5.7,9,100.0,0.83,4.0,0,5,0
1.9,8.7,42.4,78.1,2.4,1,23.6,-1.2,1.95,0,2,1
8.6,73.4,90.9,94.4,0.9,8,90.5,1.07,3.61,0,1,0
3.5,33.8,52.5,44.9,3.5,2,17.5,0.33,2.61,1,6,1
17.8,98.2,93.5,90.4,2.1,7,67.0,0.49,3.08,0,5,0
8.5,46.0,67.8,50.3,3.9,1,17.2,-0.44,2.71,0,3,0
2.6,14.0,14.5,25.6,2.9,1,37.7,-1.46,2.48,1,2,1
9.3,67.4,60.6,73.4,0.5,6,62.3,0.17,3.76,0,4,1
10.5,53.2,59.2,63.1,2.2,7,80.4,-0.12,3.57,1,8,0
5.1,53.0,55.1,63.7,5.0,4,67.5,-0.56,2.54,0,2,0
8.1,45.6,51.6,69.4,1.6,3,57.5,-0.26,2.97,0,5,0
3.6,44.5,70.1,63.3,0.0,3,28.5,-0.1,2.14,0,2,0
7.5,16.8,54.0,43.2,6.2,1,56.5,-0.67,2.22,0,8,0
5.5,54.5,56.9,46.8,4.1,5,40.9,-1.55,2.68,1,8,1
7.8,66.9,61.2,67.5,0.3,3,33.4,-0.03,3.52,0,4,0
2.6,53.2,38.6,26.1,4.9,2,42.7,-0.86,2.54,0,2,1
10.4,79.5,68.7,66.9,3.6,8,45.6,1.54,3.22,0,2,0
4.7,54.2,69.0,42.5,3.8,5,7.8,-0.43,2.79,0,3,0
8.1,29.6,17.9,71.2,7.4,1,53.1,-0.46,2.39,1,1,0
9.8,23.4,73.7,38.6,4.2,1,42.6,-0.43,2.95,0,7,1
3.9,60.6,91.1,51.9,3.3,10,27.4,0.83,2.65,0,4,0
5.5,43.0,66.9,41.4,4.0,6,27.4,-1.04,2.07,0,7,0
6.4,53.0,36.9,39.6,4.1,1,28.4,-0.29,2.34,0,8,1
2.6,40.4,38.5,56.1,6.0,1,56.7,-0.29,1.91,0,1,0
9.0,46.2,69.5,52.3,2.9,5,21.2,0.18,3.03,0,3,0
6.9,64.4,43.9,24.1,5.9,2,14.9,0.62,3.15,1,8,1
4.7,53.4,45.2,70.7,4.3,4,61.8,-0.84,2.81,0,7,0
7.1,43.6,48.3,51.1,4.0,2,34.1,0.28,1.57,0,6,0
0.0,39.1,31.2,47.7,3.6,2,40.5,-0.09,2.0,1,6,0
13.3,76.4,77.0,91.3,0.8,7,67.7,0.73,3.44,0,5,0
8.1,47.6,42.0,36.9,3.9,4,86.7,0.84,1.99,0,5,0
7.8,46.8,90.3,85.0,3.2,4,56.9,0.75,3.54,0,3,0
6.1,30.8,44.1,65.1,4.4,1,52.8,-0.35,2.86,1,5,1
3.7,59.1,72.7,64.3,0.5,3,95.9,0.42,3.92,0,5,0
7.5,78.7,70.5,82.8,0.0,5,66.5,-0.18,4.0,0,2,0
12.9,52.1,84.3,90.9,2.8,5,64.2,1.21,2.87,0,7,0
7.5,51.1,75.4,44.2,7.9,8,74.9,0.5,2.94,0,2,1
5.7,37.2,59.6,39.6,2.7,1,68.1,-0.34,2.64,0,2,1
7.6,60.0,56.6,31.2,1.6,2,46.1,1.17,2.63,1,6,1
7.2,64.4,57.8,68.3,4.2,4,86.3,-0.17,3.02,0,7,0
7.5,31.2,79.7,77.7,1.9,9,45.3,-1.52,2.5,0,7,0
5.1,43.6,71.7,49.5,5.9,5,64.1,1.05,3.13,0,3,0
6.0,30.7,49.0,46.5,4.5,4,71.2,0.12,3.22,1,6,1
7.1,70.0,72.0,97.1,1.4,10,90.7,1.09,3.5,1,5,0
4.9,26.3,23.3,40.5,3.0,1,31.5,-1.16,1.94,1,7,1
6.3,75.6,76.7,48.7,4.5,4,46.2,0.24,2.41,1,1,1
4.4,22.6,40.5,69.4,3.0,1,90.3,-1.35,3.48,1,6,1
6.5,84.1,77.4,68.1,4.0,5,46.0,-0.04,3.43,1,4,0
5.4,29.1,66.6,52.2,4.0,2,56.4,-0.79,2.91,1,7,1
3.5,62.3,73.2,53.7,5.8,4,60.1,-0.08,2.64,0,5,0
6.6,39.6,65.1,63.7,3.6,5,59.9,0.27,3.49,1,7,0
7.4,34.5,54.6,46.9,9.4,1,89.4,-0.86,2.64,0,6,0
4.7,81.6,68.1,92.4,3.4,3,64.7,0.67,2.22,0,3,1
5.8,58.5,64.6,83.5,2.9,5,57.9,0.2,3.09,0,2,0
9.6,73.2,73.1,78.9,0.8,5,100.0,1.01,2.74,1,4,0
3.7,38.2,33.1,51.7,5.3,3,43.3,-0.58,2.71,0,6,0
6.7,48.3,38.3,51.7,1.9,4,75.2,0.49,3.63,0,4,0
12.4,62.2,79.3,62.0,0.6,2,70.1,-0.08,2.32,0,4,0
3.3,0.0,53.7,37.7,2.4,4,66.3,-1.3,2.23,1,8,1
4.8,52.5,93.9,83.0,0.7,7,94.1,-0.0,3.98,0,1,0
5.8,62.8,59.5,65.2,7.1,6,52.1,-0.23,2.7,1,6,0
8.7,90.5,76.4,55.1,2.2,6,40.8,-0.36,3.56,1,8,0
5.0,70.2,69.5,67.9,1.8,2,22.5,0.75,2.97,1,6,0
3.5,11.2,58.0,22.1,6.8,1,0.0,-1.06,2.59,0,7,1
6.9,75.3,72.4,84.9,2.0,11,72.1,1.15,3.03,1,2,0
3.8,20.2,49.0,72.9,5.5,2,13.4,0.41,1.58,0,2,0
8.3,70.9,93.7,100.0,5.2,11,74.3,0.73,3.64,0,2,0
4.9,63.9,56.3,75.7,0.0,3,56.7,2.0,2.03,0,2,0
14.6,70.9,69.4,100.0,0.0,3,87.9,2.31,3.78,0,5,0
15.4,81.8,82.7,100.0,4.7,2,96.1,1.92,3.7,0,4,0
2.5,52.4,52.0,62.8,1.5,6,71.5,-0.62,2.69,0,4,0
1.6,70.0,68.5,51.5,0.0,4,61.0,0.71,3.14,0,4,0
8.1,60.3,53.5,69.0,1.1,7,60.0,-0.74,2.26,1,7,0
11.5,54.4,62.4,85.4,0.9,6,54.1,0.78,2.76,1,3,0
6.7,63.8,54.5,46.6,2.1,2,29.2,-2.01,2.77,1,2,1
7.3,54.1,57.3,64.8,4.3,3,63.9,-0.1,3.09,0,5,1
5.8,30.4,81.5,84.6,2.0,2,28.9,0.72,2.65,0,5,0
10.4,80.5,77.2,63.6,0.0,5,81.3,0.4,2.79,0,6,0
10.8,93.4,75.2,72.1,1.3,2,61.8,-0.09,4.0,0,6,0
11.3,21.3,60.8,79.0,1.1,3,59.8,0.09,3.34,0,8,0
0.5,36.8,60.5,35.0,3.3,5,48.2,-0.32,2.15,0,3,1
12.8,87.5,89.3,99.1,0.3,4,100.0,1.25,4.0,0,7,0
1.9,49.5,58.9,41.8,6.1,1,3.1,-1.14,2.61,0,7,1
9.5,64.9,77.2,76.6,1.1,8,61.0,0.86,3.4,0,3,0
5.4,41.7,53.1,11.6,5.2,2,52.7,0.15,2.76,1,6,0
10.7,75.1,78.9,90.2,0.0,5,100.0,0.5,2.77,1,6,0
12.1,66.7,100.0,79.0,3.3,9,74.1,1.55,4.0,0,7,0
8.8,62.6,40.9,60.7,6.1,1,35.7,-0.5,3.07,0,4,0
13.5,54.6,58.4,80.6,1.6,2,100.0,0.1,3.32,1,4,0
4.8,31.7,47.0,52.4,2.1,3,57.1,0.27,2.61,1,4,0
2.9,35.6,64.2,38.6,1.8,2,64.3,0.13,2.36,0,7,1
0.2,9.0,12.5,32.6,4.4,0,11.6,-1.26,1.95,0,4,1
9.0,87.8,44.6,67.6,4.8,4,72.8,-0.24,3.33,0,6,0
11.0,68.7,68.5,77.8,1.0,6,50.7,1.53,2.85,1,7,0
5.1,77.9,96.2,66.0,4.3,4,43.8,0.3,3.25,0,4,0
8.5,31.1,55.3,67.7,1.1,5,59.1,-0.33,2.7,0,6,1
4.2,48.0,34.6,41.1,3.2,4,52.8,-0.76,2.64,1,7,1
0.8,45.7,55.7,28.1,4.0,3,29.1,0.07,2.82,1,2,1
5.5,73.6,86.0,75.6,2.9,3,87.4,1.44,3.22,0,8,0
8.8,100.0,77.5,100.0,0.2,10,77.7,1.03,3.99,0,5,0
7.5,66.3,83.4,63.3,4.0,4,70.9,2.13,2.44,1,8,0
11.0,70.5,78.7,77.6,4.1,3,73.8,0.29,3.6,0,2,0
9.9,47.5,73.4,83.2,2.1,2,57.9,0.01,3.07,1,5,0
15.7,84.7,81.5,100.0,0.0,6,100.0,1.47,3.89,0,1,0
2.0,42.1,52.1,50.6,3.0,0,17.5,-1.27,2.05,1,7,1
8.9,71.6,78.4,69.9,4.3,3,50.8,0.65,3.67,0,1,0
8.2,99.3,86.5,40.9,0.2,5,54.3,0.36,3.53,0,7,0
4.0,41.0,26.3,46.6,1.2,1,71.6,-1.66,1.98,0,1,0
3.2,54.0,44.5,67.1,0.2,3,50.7,-1.08,2.59,1,5,0
4.1,38.1,53.9,78.9,4.1,6,43.2,-0.21,3.34,0,3,0
7.4,57.0,57.0,41.0,0.7,2,42.1,-0.13,2.57,0,2,1
0.0,29.7,51.2,66.4,3.4,1,51.4,-1.6,2.31,0,3,1
12.4,95.3,71.0,82.9,1.2,4,94.5,1.03,3.49,1,5,0
3.0,32.6,53.8,40.4,0.4,4,32.3,-0.44,2.99,0,4,0
0.5,61.0,64.4,40.5,3.9,4,39.1,-0.51,2.83,0,3,0
0.0,51.4,63.2,69.5,2.7,1,22.6,-0.88,2.07,0,7,1
10.0,65.2,53.3,41.7,0.0,4,55.7,-0.02,2.29,0,5,0
3.0,66.2,62.3,77.0,2.8,4,85.6,0.1,3.04,0,1,0
9.0,56.0,58.6,64.2,2.6,2,60.8,1.1,2.96,0,4,0
10.3,66.3,96.6,77.4,2.0,3,84.5,-0.2,2.25,1,1,0
7.8,64.6,90.8,66.4,1.9,10,73.7,1.05,3.27,1,7,0
6.4,63.5,47.7,79.6,2.9,9,43.1,-0.57,2.91,1,3,1
12.0,59.6,98.1,84.9,2.5,5,94.4,0.77,3.38,0,3,0
6.8,53.1,65.5,65.0,1.3,1,93.9,-0.87,3.1,1,2,0
6.1,2.4,78.2,61.4,0.0,2,68.9,-0.49,1.83,0,7,1
7.3,65.3,54.3,68.7,0.5,2,48.3,-0.07,2.47,1,2,0
8.8,52.8,68.7,75.1,0.2,7,64.5,0.15,3.67,0,5,0
2.9,29.0,43.6,62.8,7.5,3,81.1,0.48,2.27,0,6,0
12.8,95.5,100.0,89.0,0.0,8,81.5,1.39,2.81,1,3,0
7.0,56.3,53.7,62.2,1.9,4,40.5,0.36,2.47,0,1,0
2.6,69.4,52.4,50.6,2.2,4,57.9,0.53,3.17,1,2,0
6.6,27.7,45.2,44.6,2.8,3,50.1,-0.34,2.46,1,1,1
4.9,65.5,55.5,47.3,6.6,4,62.3,0.65,2.44,1,5,1
5.4,47.0,76.5,78.5,0.0,5,79.2,-0.38,2.99,1,6,0
7.7,61.7,69.7,78.7,6.8,4,85.0,1.44,3.21,0,1,0
1.7,54.0,58.9,41.4,4.5,1,39.4,-1.37,1.67,0,1,1
11.4,36.5,65.1,53.1,4.7,7,55.8,-0.71,2.92,1,7,0
3.8,72.3,63.2,54.0,2.6,2,68.0,-0.71,2.34,0,8,0
6.2,54.4,45.0,58.4,4.8,0,40.6,-0.95,3.32,1,4,1
10.8,72.1,97.6,100.0,0.0,6,94.0,-0.28,4.0,1,5,0
8.7,49.7,83.1,72.9,0.0,3,64.1,0.51,3.04,0,6,0
8.8,67.6,88.0,95.3,6.9,4,81.1,1.06,3.84,0,8,1
3.8,26.7,61.0,51.7,7.6,2,73.4,-0.53,2.11,1,2,1
5.3,74.8,55.5,72.8,0.5,3,69.3,-0.76,2.88,0,4,0
0.6,26.2,41.9,27.3,6.1,2,33.6,-1.32,1.83,0,3,1
8.1,32.5,65.8,48.1,5.9,7,36.7,0.08,2.57,0,3,0
8.6,52.4,88.7,67.6,2.9,9,73.7,0.44,3.42,1,2,0
9.7,29.4,49.7,49.7,3.5,1,19.7,-1.12,2.42,1,6,0
9.2,77.5,89.3,62.5,6.5,0,70.7,-0.77,2.96,0,7,1
0.0,36.8,53.3,49.5,5.4,3,0.7,-0.93,2.45,1,6,1
5.7,27.7,59.1,24.9,2.5,1,52.1,-1.26,2.9,0,5,1
9.1,95.8,76.9,83.5,1.0,7,84.9,0.47,2.29,1,3,0
3.5,48.4,57.7,64.7,0.6,2,58.9,0.27,3.85,0,3,0
6.3,15.0,52.2,38.7,4.3,0,22.0,-1.13,2.01,0,7,0
1.9,32.8,49.1,42.1,4.3,2,31.0,-0.86,2.13,1,3,0
6.1,63.8,68.7,61.3,4.1,4,27.9,0.37,3.63,0,5,0
9.8,59.5,62.8,100.0,3.4,4,84.7,-0.28,3.55,0,3,0
8.1,30.8,65.0,58.1,4.3,5,43.1,0.71,2.85,0,7,0
9.1,89.4,63.0,75.9,2.7,9,96.6,-0.01,3.85,0,2,0
7.8,53.2,75.5,78.0,4.5,2,68.9,0.47,2.94,0,7,0
4.5,28.2,45.4,50.0,2.6,6,57.0,-0.85,3.23,1,8,1
10.5,62.5,56.0,58.5,0.0,6,69.0,0.23,2.39,1,2,0
4.7,50.1,51.6,57.5,8.1,1,23.0,-0.54,2.64,0,2,1
6.2,50.4,68.1,74.2,1.0,2,47.7,0.93,3.14,1,4,0
4.2,49.4,54.4,67.7,5.0,5,47.2,-0.61,3.12,0,2,0
9.0,35.5,53.2,37.6,2.3,1,48.6,0.65,3.16,1,1,0
5.1,55.4,68.8,52.2,6.1,4,38.7,-0.14,2.77,0,3,0
6.6,19.9,47.9,48.2,2.2,4,33.2,0.4,2.21,0,7,0
6.9,67.3,70.9,80.5,0.8,5,65.5,-0.8,2.93,0,2,0
12.7,93.8,82.0,95.7,0.0,7,100.0,1.22,3.44,1,7,0
8.9,65.9,61.2,58.5,3.3,8,60.4,-1.28,2.49,1,6,1
4.8,38.0,77.2,71.7,3.1,3,46.8,0.02,3.81,0,7,0
7.9,45.0,61.0,74.7,3.4,6,62.1,0.88,3.6,0,6,0
4.3,98.5,98.3,85.5,1.7,4,100.0,1.54,3.53,1,6,0
8.8,69.2,72.8,69.9,3.0,4,100.0,1.32,3.97,1,6,0
2.6,63.4,63.9,45.6,4.8,1,89.7,-0.28,3.2,1,5,1
10.9,48.8,57.0,82.3,6.3,3,51.2,0.05,2.2,0,6,0
3.5,42.8,63.4,80.0,3.3,7,71.7,1.61,3.29,0,5,0
11.5,33.3,59.9,48.8,4.3,4,25.9,-0.43,3.18,1,5,0
5.2,58.8,54.9,41.6,7.7,5,31.0,-0.17,2.0,0,4,0
6.8,100.0,74.9,100.0,4.7,4,44.5,0.0,2.33,0,6,0
10.2,58.4,56.2,70.8,3.3,6,73.6,0.92,2.53,0,5,0
2.4,28.6,32.2,41.6,1.3,1,39.0,-0.16,2.32,0,4,1
1.9,19.4,39.0,40.3,0.1,4,51.3,-0.75,2.01,1,3,1
7.4,31.5,60.6,60.2,3.9,2,43.5,0.51,2.85,1,1,0
6.4,25.8,75.1,22.1,5.1,1,57.7,-0.06,2.15,1,5,1
11.2,55.5,67.6,77.0,0.8,5,20.8,0.69,3.08,0,5,0
7.3,48.3,82.8,75.6,3.9,4,47.1,-0.24,2.48,0,4,0
8.5,85.4,77.9,100.0,0.0,7,74.2,1.43,3.4,0,4,0
12.9,75.2,77.7,67.7,2.8,7,36.8,0.02,3.64,0,1,0
13.0,87.1,86.6,48.1,2.6,3,84.4,0.74,2.97,0,2,0
6.5,37.8,52.7,60.2,4.4,2,46.9,-0.21,2.83,0,4,1
12.3,70.2,78.0,97.4,2.4,8,82.7,1.26,2.89,0,8,0
12.6,50.6,42.9,39.4,2.1,10,94.5,-0.54,2.92,1,7,1
6.4,41.7,56.3,62.1,2.0,4,68.6,0.34,3.0,0,7,0
3.5,16.5,35.4,59.6,5.6,4,66.8,-0.6,2.85,1,1,0
5.0,40.8,67.9,46.0,3.8,1,78.5,-0.08,2.88,0,3,0
4.6,24.4,51.4,42.7,3.3,4,72.5,0.46,3.69,0,6,1
12.6,67.1,100.0,78.3,1.1,4,68.9,0.23,3.63,0,5,0
3.2,64.5,67.8,55.2,4.0,3,29.2,0.8,2.62,1,5,1
12.7,75.3,87.8,50.5,3.5,5,80.5,0.86,3.82,0,8,0
5.4,55.8,55.1,79.0,1.5,3,50.8,-0.5,3.08,0,1,0
11.9,83.2,57.3,95.6,3.3,5,90.4,0.16,3.61,0,7,0
0.0,35.4,51.5,54.9,2.9,3,40.9,0.6,2.62,1,1,1
4.2,52.2,65.0,61.4,4.2,1,45.2,-0.2,1.91,1,5,0
4.7,49.7,93.2,46.6,4.0,2,43.0,-0.35,4.0,1,7,0
10.9,62.5,71.2,63.5,0.0,0,54.4,-0.36,2.68,0,4,0
9.8,47.4,38.9,44.6,1.2,1,31.3,0.03,2.06,1,2,1
0.8,55.4,48.7,66.2,1.6,2,39.7,0.35,3.19,1,3,0
13.4,78.9,68.0,49.6,0.0,6,84.1,1.24,3.19,0,2,0
13.3,85.5,81.2,81.8,0.8,8,70.5,0.71,3.37,0,2,0
12.3,92.0,83.6,100.0,4.1,5,100.0,1.55,3.76,0,2,0
9.2,38.4,64.7,70.6,4.8,5,77.1,-0.02,2.95,1,5,0
10.2,80.9,60.0,86.5,0.7,5,89.3,-0.06,3.06,0,2,0
8.4,30.7,43.9,48.2,4.9,3,50.2,0.75,3.55,0,4,0
0.0,10.0,38.6,0.0,4.7,3,29.8,-0.8,2.02,0,4,1
8.0,44.5,57.2,65.8,4.3,1,36.6,-0.96,2.09,0,4,1
5.2,47.4,35.2,58.5,1.9,2,89.3,-0.49,2.96,0,1,0
8.4,65.6,73.9,92.8,0.0,3,62.3,0.27,2.73,1,3,0
7.5,53.6,68.9,57.8,4.6,2,40.8,-0.42,2.68,0,4,0
0.0,8.2,11.2,41.2,4.7,1,16.3,-0.88,1.68,0,2,1
2.0,39.1,75.1,90.0,4.3,5,56.1,-0.83,2.8,1,1,1
7.9,32.4,77.3,42.3,5.4,6,90.6,0.8,3.13,1,5,0
15.3,72.6,98.6,98.3,0.3,12,100.0,1.07,3.69,1,4,0
5.4,44.3,57.7,89.5,1.7,5,52.6,-0.64,3.22,0,2,1
6.5,48.5,66.7,59.5,6.7,7,37.2,-0.37,3.14,0,2,1
7.5,100.0,85.9,78.4,1.8,9,94.8,0.18,3.66,0,8,0
4.0,60.0,49.6,34.3,1.6,6,89.3,-2.01,2.21,0,6,1
8.7,24.6,74.5,87.6,4.0,5,58.0,0.02,2.65,0,5,0
10.4,42.9,69.3,88.5,1.6,2,89.2,0.99,3.64,0,1,0
5.8,41.1,59.5,86.9,0.7,4,36.3,0.13,2.65,0,8,0
9.6,22.6,55.4,56.5,3.3,4,36.7,0.22,2.99,1,2,0
4.4,25.5,44.7,34.2,6.0,1,15.9,-0.86,2.67,0,3,1
3.4,37.2,42.2,42.7,1.8,2,45.2,-1.0,1.53,1,4,1
7.9,36.0,53.3,88.3,0.4,5,54.6,-0.43,2.71,0,1,0
9.2,31.3,51.2,39.7,3.9,2,42.9,-1.47,2.78,0,4,1
4.4,26.9,44.5,55.6,2.6,1,50.3,-0.52,2.02,1,4,1
3.4,52.5,54.0,48.2,1.0,3,33.7,-0.01,2.36,1,5,0
9.4,74.4,56.5,65.4,1.7,3,75.0,0.42,3.75,1,3,0
7.6,61.8,57.0,33.1,4.8,2,35.2,-1.15,3.5,1,8,0
5.7,33.8,36.1,51.9,5.7,0,59.2,-0.43,2.03,0,3,1
9.9,55.6,95.7,88.7,1.5,5,91.9,-0.0,4.0,0,7,0
8.5,20.1,45.9,23.9,6.8,5,42.7,-0.7,1.42,1,5,1
8.4,49.3,70.2,97.8,5.3,3,72.8,-0.44,2.51,0,8,0
3.0,79.6,57.5,43.8,3.6,3,50.3,0.13,2.73,0,4,0
4.0,8.5,41.8,50.5,3.6,0,9.7,-0.92,2.1,0,3,0
5.6,67.4,70.0,72.1,6.0,6,61.2,-1.51,2.71,1,4,0
0.1,10.9,23.1,58.0,7.2,2,50.5,0.21,2.06,0,7,0
4.4,60.7,60.7,27.5,3.6,2,88.4,-0.4,2.39,1,1,0
5.2,63.2,51.5,72.6,5.6,1,44.5,-0.37,2.63,1,5,1
10.7,78.1,72.2,65.7,0.8,2,67.8,0.52,2.75,0,5,0
5.4,54.1,83.6,71.0,0.0,9,91.2,0.47,3.62,0,3,0
7.4,54.1,51.5,71.7,1.0,4,75.0,0.1,2.83,1,8,1
16.8,75.9,69.6,100.0,1.2,6,74.1,0.34,3.56,1,8,0
5.1,31.3,50.7,23.0,3.3,2,42.8,-0.44,2.6,0,6,1
8.2,67.6,87.3,54.2,3.9,2,59.1,-0.74,3.76,0,6,0
10.6,80.2,82.7,92.5,0.0,3,53.3,0.3,2.99,0,1,0
7.5,40.2,53.3,64.1,0.2,3,78.5,0.66,2.11,1,4,0
8.4,45.0,43.1,51.3,5.2,4,44.7,-1.42,2.03,1,3,1
9.4,61.3,71.4,66.2,0.0,4,74.6,0.47,3.29,1,7,0
9.9,47.3,53.1,76.4,1.7,7,69.3,-1.0,3.34,0,7,0
8.2,46.0,68.7,77.0,3.1,7,54.6,-0.14,3.23,0,4,1
5.0,42.7,67.6,89.5,2.0,6,45.8,-0.01,3.51,1,8,0
6.6,64.5,57.5,56.7,3.9,2,43.4,0.21,3.26,1,1,0
8.4,46.5,64.6,85.2,0.0,7,95.3,-0.01,2.72,0,2,0
3.1,81.5,49.5,84.8,6.8,2,41.7,-1.49,2.65,1,8,1
7.5,38.4,65.2,50.4,1.4,8,50.3,-0.39,2.08,0,3,0
11.6,64.2,58.3,94.9,2.0,6,61.5,0.95,2.89,0,8,0
12.2,69.2,75.2,82.7,6.9,4,100.0,1.16,3.07,1,6,0
7.0,55.7,80.1,73.3,0.0,4,52.4,0.3,2.01,1,6,0
11.8,86.5,97.5,86.1,0.0,9,100.0,1.27,4.0,1,3,0
10.0,69.3,55.8,61.0,5.3,4,57.0,-0.47,2.82,1,5,1
12.4,97.2,87.7,79.0,0.0,7,89.6,1.8,2.61,0,2,0
8.1,45.4,65.2,42.3,4.2,1,68.2,-0.65,2.6,0,6,0
11.6,83.0,69.3,90.6,0.1,7,47.9,1.05,4.0,1,6,0
11.5,62.6,85.8,100.0,0.0,5,66.9,0.15,4.0,0,6,0
4.7,38.9,66.6,34.4,4.7,3,61.5,-0.56,2.59,1,6,0
6.1,75.3,70.9,65.4,2.9,11,72.6,1.24,3.32,0,8,0
4.5,0.0,15.1,39.0,4.6,2,33.9,-1.58,2.75,1,3,1
5.3,48.3,26.1,38.4,7.4,3,62.9,0.18,2.62,1,4,0
5.2,68.9,79.1,81.4,0.2,7,56.7,-0.09,3.55,1,1,0
3.3,58.0,51.1,43.5,5.5,3,61.6,-1.09,2.91,1,2,1
7.7,47.1,56.6,28.3,4.1,4,62.6,-0.36,2.1,0,5,0
2.2,61.9,68.1,69.3,4.7,5,61.5,0.57,3.66,0,5,0
6.3,64.0,55.0,66.2,0.9,4,78.0,0.27,2.8,1,7,0
4.5,44.3,36.9,59.1,1.3,4,59.7,-0.32,2.06,1,4,1
9.4,55.7,61.5,52.3,1.9,7,39.6,0.42,2.75,1,1,0
5.6,8.3,50.0,26.6,4.4,1,44.2,-1.39,2.67,0,5,0
14.3,84.6,79.0,85.1,2.5,9,100.0,-0.06,3.88,0,5,0
7.5,72.3,45.0,80.7,2.8,4,68.6,-0.23,2.86,1,1,0
5.2,60.9,59.6,81.9,3.7,4,45.3,0.46,2.81,1,2,0
11.5,72.3,76.4,87.0,5.1,7,100.0,0.09,3.87,0,3,0
4.2,55.8,46.7,49.9,3.0,4,57.9,0.47,2.8,0,3,0
7.1,86.2,52.4,79.2,0.6,4,98.9,0.44,2.94,0,7,0
1.8,22.0,56.9,46.3,4.7,0,35.2,0.51,2.19,0,1,0
8.2,51.5,46.8,50.4,0.0,2,66.9,0.98,3.08,0,1,1
5.4,28.6,67.2,61.6,0.0,6,50.6,0.73,2.58,0,6,0
11.9,84.6,77.4,63.5,1.4,2,78.8,-0.42,2.54,1,1,0
8.6,57.6,55.3,84.9,0.3,6,54.3,-1.16,2.96,1,4,0
6.6,31.9,50.4,55.1,2.9,5,71.4,-0.71,2.3,0,4,1
5.6,56.5,59.9,71.9,4.0,3,62.6,0.88,3.58,0,1,1
2.9,36.9,30.8,65.2,4.9,2,21.4,-0.3,1.72,0,4,1
7.0,50.6,36.6,63.8,3.1,2,51.6,-0.71,2.86,1,8,0
6.3,68.8,64.4,48.0,2.8,1,69.5,-0.81,3.54,0,3,1
0.0,53.3,65.0,37.5,3.3,3,37.3,-0.17,1.95,0,1,1
7.1,80.2,82.3,100.0,2.9,6,65.6,1.96,3.57,0,3,0
1.1,8.1,66.6,36.7,5.7,4,55.7,-1.16,1.26,0,8,1
6.2,87.0,89.6,63.6,3.9,7,91.7,0.92,3.66,0,3,0
10.3,44.1,77.5,83.7,3.9,4,38.2,1.95,3.59,0,4,0
7.2,44.1,77.8,54.1,3.2,4,37.5,-0.27,2.77,1,7,1
7.6,49.1,81.2,72.3,1.3,5,56.0,-0.05,2.27,1,5,0
12.7,60.0,80.4,66.5,2.1,3,52.4,0.5,3.36,0,8,0
12.7,55.4,55.1,68.5,1.7,7,84.9,0.49,3.27,0,5,0
12.6,60.5,79.5,75.5,0.0,7,100.0,1.67,2.16,0,2,0
0.7,36.6,40.0,20.4,7.2,0,33.9,-0.86,2.82,0,8,1
11.8,75.6,100.0,76.1,3.9,6,100.0,1.1,4.0,1,7,0
10.3,93.4,73.1,88.8,1.3,9,48.0,-0.24,4.0,0,2,0
7.5,57.7,92.1,90.7,4.1,4,75.8,0.23,2.54,0,5,0
10.2,32.0,57.7,46.3,4.4,6,39.7,-0.87,1.75,0,1,0
7.6,83.2,64.6,44.8,1.6,6,69.0,0.32,2.78,0,5,0
4.8,68.1,62.7,85.2,3.2,3,31.5,-0.79,3.31,1,6,0
1.2,72.5,42.0,58.5,2.7,2,12.8,-0.21,1.83,1,4,0
13.4,31.3,69.8,78.2,0.7,5,70.9,-0.35,2.24,1,8,0
7.9,71.9,72.5,53.5,2.8,5,58.9,1.54,3.62,1,5,0
2.3,65.8,59.7,73.5,3.5,2,54.9,0.94,2.82,0,1,0
8.8,78.4,75.7,92.1,6.7,7,100.0,1.11,3.8,0,1,0
3.6,57.8,90.8,83.7,1.9,3,67.6,-0.64,3.12,1,2,0
4.6,41.0,60.8,34.4,3.8,3,43.3,-1.5,1.98,1,2,0
3.1,68.8,62.2,57.6,4.2,6,50.2,-0.3,3.04,0,1,1
6.0,47.3,86.6,72.8,1.6,6,49.7,0.14,3.17,0,3,1
3.1,14.5,31.0,54.7,3.2,2,30.6,0.01,1.97,0,8,0
11.6,50.4,68.7,80.1,0.8,9,42.6,0.35,2.68,1,6,0
6.7,52.6,49.0,42.3,2.4,6,44.4,-0.42,3.13,1,8,0
8.1,99.2,98.3,100.0,2.9,7,89.6,0.58,4.0,1,2,0
5.1,33.0,55.5,64.7,4.7,5,40.4,-0.88,2.23,0,7,1
6.3,54.7,73.4,90.7,0.9,2,66.8,0.44,3.92,1,6,0
8.3,29.7,64.8,69.6,7.1,3,58.4,-1.34,2.81,0,4,1
12.7,91.1,71.4,71.5,0.0,6,58.9,0.9,3.66,0,3,0
4.8,67.8,54.1,62.1,1.6,2,35.2,0.06,3.08,0,7,1
12.3,78.3,86.5,93.6,3.6,8,40.4,-0.23,4.0,0,7,0
4.3,54.9,39.6,20.2,7.3,2,28.7,-1.67,2.06,0,7,1
10.6,48.0,64.3,46.0,3.4,5,71.8,0.01,3.21,0,4,0
9.5,38.7,56.5,78.0,0.0,6,88.6,1.02,3.54,1,7,0
10.2,79.7,88.4,86.5,2.1,5,72.6,1.15,3.03,1,4,0
13.7,77.2,92.3,100.0,0.0,4,100.0,0.45,3.51,0,6,0
7.6,50.5,80.6,62.5,7.5,3,68.3,0.99,2.62,0,8,1
1.4,30.2,50.1,13.2,5.0,0,35.4,-1.08,1.99,0,1,1
5.7,18.3,39.2,48.2,5.2,5,34.5,-0.64,2.39,0,3,0
3.0,7.1,39.7,55.0,3.4,1,0.0,-0.69,1.89,1,8,0
12.5,84.3,76.0,83.0,4.6,5,100.0,1.46,3.59,1,2,0
8.2,69.0,65.3,71.0,1.3,7,63.5,-0.11,3.26,0,1,0
6.9,68.1,69.1,45.7,1.5,1,75.3,-0.5,2.91,0,5,0
4.7,73.4,48.8,85.1,3.0,5,45.1,-0.57,2.63,0,2,0
9.6,73.5,62.6,82.0,3.9,3,100.0,0.52,2.83,0,5,0
4.6,79.9,62.3,55.6,6.6,3,58.4,0.76,3.47,0,1,1
11.0,73.6,55.6,65.1,5.3,6,55.5,0.98,2.88,0,4,0
11.8,66.7,78.2,68.0,4.1,9,69.3,-0.24,3.75,0,7,0
5.3,50.7,44.2,17.9,2.5,2,43.8,-0.85,2.07,1,4,0
7.8,68.5,76.1,51.4,1.3,1,56.6,0.76,3.1,0,3,0
7.5,62.1,64.9,42.6,0.5,8,54.9,0.39,3.46,1,8,0
8.1,55.0,82.1,93.2,1.3,2,41.7,0.64,2.04,0,2,0
9.4,45.3,77.3,93.5,0.0,7,58.9,0.59,3.77,0,7,0
10.2,55.6,23.3,46.9,6.3,1,65.7,-0.09,3.24,0,5,0
4.5,41.0,28.6,45.9,2.1,4,22.0,-0.55,2.2,0,5,0
3.3,61.7,65.1,76.2,0.6,3,24.2,-0.43,3.01,0,8,0
3.9,76.6,73.1,82.0,1.4,3,46.3,0.82,2.7,0,3,0
6.5,63.4,78.9,100.0,0.0,4,76.3,0.03,3.65,0,6,0
3.4,8.4,64.0,49.3,5.2,1,26.7,0.16,3.66,0,6,1
6.3,35.6,47.3,59.1,2.6,1,27.2,-1.47,1.1,1,7,1
2.0,55.8,67.8,48.0,4.9,3,27.2,-0.26,2.21,0,2,0
6.6,32.9,11.5,35.3,6.4,2,50.3,-1.04,2.59,0,4,0
8.7,41.5,90.2,80.8,1.1,5,74.5,0.02,3.76,1,6,0
9.2,65.6,60.7,77.3,0.9,4,100.0,1.05,2.39,1,1,0
10.3,53.0,74.5,67.2,0.2,6,64.5,0.96,2.96,1,3,0
6.1,14.9,63.4,34.4,1.7,1,36.6,-0.62,2.17,0,7,1
8.4,71.6,50.2,79.1,0.8,9,94.3,1.62,3.0,0,1,1
0.0,41.9,47.2,19.7,3.9,1,50.1,0.05,2.44,1,1,1
7.0,63.7,82.6,67.4,0.0,4,50.0,-0.13,2.45,0,7,0
9.2,92.8,79.6,76.8,0.0,6,96.5,-0.29,3.58,1,3,0
5.3,25.8,59.8,37.8,4.2,3,48.5,-0.53,1.99,0,5,0
5.6,42.7,59.9,38.2,3.7,5,12.6,0.36,2.52,1,2,1
4.4,34.6,54.2,61.8,0.0,2,33.6,-0.08,2.21,1,8,0
9.8,40.4,61.2,59.2,4.7,5,50.9,0.57,2.54,0,5,0
3.3,44.3,66.5,49.6,6.2,3,69.9,-0.86,2.0,0,4,0
0.3,62.8,63.4,49.3,2.1,3,62.6,-0.35,3.17,1,2,0
6.7,55.3,70.4,74.2,0.0,3,43.5,-0.2,2.63,0,7,0
11.6,76.1,61.1,86.9,0.5,3,55.6,0.55,3.21,0,3,0
10.2,72.8,83.4,77.2,0.0,8,88.3,1.07,3.28,1,7,0
8.2,77.0,79.9,96.5,4.2,6,27.5,1.48,3.28,1,3,0
7.9,72.8,77.8,61.7,0.4,6,45.1,1.18,2.96,0,3,0
7.8,56.3,27.5,40.6,3.8,0,57.9,0.08,2.61,1,1,0
8.9,100.0,97.7,80.2,4.3,5,89.2,1.37,3.49,0,7,0
7.5,57.2,54.3,59.4,2.9,8,46.6,-0.1,2.62,0,8,0
8.5,71.3,89.9,52.3,3.2,4,35.0,0.11,2.9,0,3,0
10.2,81.3,66.0,89.6,1.4,10,89.4,1.01,3.06,0,4,0
5.8,42.0,45.4,64.5,5.0,4,55.3,-0.05,2.76,0,4,1
6.3,66.1,61.1,49.2,3.4,5,56.1,-0.46,2.44,0,3,0
7.8,48.4,83.2,80.6,5.8,7,73.8,0.08,3.69,0,7,0
11.2,83.5,82.5,100.0,5.4,7,79.1,1.21,3.03,0,2,0
7.5,76.8,79.1,48.4,3.7,6,54.9,-0.3,3.38,0,7,1
13.0,72.5,63.0,56.6,2.3,3,38.5,0.19,3.0,0,4,0
6.4,95.8,74.6,83.9,1.6,4,60.3,0.74,3.92,0,2,0
11.8,52.0,55.8,85.7,1.4,2,73.5,-0.44,2.59,0,8,0
5.9,57.9,52.8,51.9,3.3,1,63.6,-0.25,1.81,0,2,0
7.5,70.3,49.5,94.6,0.0,1,68.8,-0.11,2.2,0,8,0
8.0,42.2,48.2,39.0,1.9,3,39.3,-0.7,3.94,0,7,0
10.4,74.0,54.9,73.5,3.8,2,79.4,-0.33,2.83,1,2,1
11.2,70.7,78.1,45.2,3.3,2,59.1,0.24,3.68,0,8,0
12.1,77.1,89.4,59.3,1.7,3,91.7,0.77,2.55,1,3,0
4.7,24.2,53.1,45.1,4.6,7,29.8,0.15,2.6,1,6,1
10.7,75.7,55.7,68.0,5.7,5,49.5,-0.78,3.12,1,1,1
7.0,72.6,80.0,91.2,1.3,4,64.8,1.34,4.0,0,7,0
7.3,60.6,67.8,58.9,0.0,2,79.6,0.43,2.93,1,8,0
7.2,58.2,78.3,73.1,3.7,4,61.2,-0.52,2.66,1,3,0
7.1,64.0,58.7,51.3,3.2,5,67.1,0.09,3.32,1,4,0
4.7,25.6,38.6,61.9,5.4,3,34.7,-1.71,2.0,0,4,0
8.1,65.2,65.2,75.0,0.8,2,55.2,-1.24,2.91,0,4,0
6.9,57.5,52.9,67.0,0.5,0,45.1,0.62,2.57,0,4,0
5.5,70.7,73.8,78.3,3.3,4,43.6,-0.41,2.53,0,6,0
8.1,97.3,67.6,79.4,1.9,1,78.0,1.0,3.65,0,1,0
2.9,44.0,56.8,53.8,2.9,3,47.4,-0.54,2.6,0,7,0
7.6,32.7,71.0,63.4,5.5,7,100.0,0.1,3.35,0,8,0
1.4,53.2,35.2,51.4,3.5,2,36.1,-0.16,3.44,1,6,0
2.3,46.6,48.9,35.3,6.3,1,26.4,-1.84,2.21,0,2,1
6.3,81.7,41.0,69.9,4.3,7,65.7,0.91,2.78,0,8,1
7.2,54.0,66.6,52.8,1.7,0,23.6,-0.65,1.78,1,3,1
7.0,59.6,48.7,79.6,0.8,1,40.6,-0.22,3.23,0,4,0
10.6,60.5,66.3,75.5,0.0,9,38.8,0.54,2.78,1,2,1
5.5,56.3,51.6,63.0,4.5,3,30.8,-0.9,2.72,0,3,1
5.8,15.0,50.8,51.2,3.0,3,43.9,0.12,3.48,1,1,1
9.6,84.2,100.0,100.0,3.8,8,58.1,0.78,3.22,1,5,1
0.1,41.2,32.2,32.9,5.7,0,27.0,-0.53,1.94,1,1,1
12.3,48.2,55.3,27.1,0.5,1,10.3,-0.3,3.28,0,5,0
14.0,78.7,77.4,84.0,0.0,5,93.7,0.39,4.0,1,4,0
9.5,66.6,59.7,77.8,0.0,5,54.1,0.46,3.38,0,2,0
6.7,96.2,77.7,83.2,2.0,9,69.6,0.56,3.24,0,6,0
8.7,81.6,86.5,51.8,7.1,6,86.5,-0.41,2.69,1,2,0
7.2,63.3,78.9,82.8,1.8,7,81.3,0.75,3.02,0,3,0
8.4,80.6,59.2,71.2,2.7,3,53.0,-0.07,2.58,0,5,0
6.3,87.6,71.4,58.5,2.0,8,76.2,0.6,3.48,1,7,0
3.6,30.7,36.5,59.6,4.2,8,74.0,-0.93,2.73,0,5,0
4.2,93.0,73.5,56.8,2.7,3,35.6,-0.86,2.5,1,3,0
9.7,78.1,74.6,54.7,2.5,10,92.6,1.5,3.28,1,2,0
10.6,93.5,76.1,95.4,0.0,6,60.0,1.34,3.76,0,6,0
6.4,65.5,38.9,64.8,1.3,5,78.3,-0.02,2.73,1,2,0
11.5,49.2,60.1,89.5,0.0,2,49.0,0.42,2.73,0,3,0
7.2,35.6,72.7,37.8,3.5,4,32.2,0.05,3.56,0,8,0
6.5,66.2,77.9,68.5,0.0,4,87.7,0.34,2.89,0,6,0
4.0,0.0,54.6,53.5,7.4,1,45.5,-1.65,2.54,0,6,1
3.3,53.7,53.2,36.1,2.8,4,32.6,-0.29,2.75,1,5,0
6.7,31.3,34.8,82.4,0.0,5,64.2,0.76,2.26,1,7,0
8.1,54.4,62.7,77.6,0.5,2,43.9,0.33,2.54,0,7,0
9.5,50.6,69.4,72.5,2.7,3,34.1,0.23,3.46,0,6,0
5.1,60.7,70.9,57.3,4.2,7,58.1,0.24,2.76,0,4,0
0.2,0.0,40.1,26.8,5.3,1,25.1,-1.09,1.45,0,3,0
10.3,51.4,70.0,71.5,0.0,3,60.3,1.36,3.65,0,8,1
7.3,40.3,56.8,61.8,2.0,4,75.7,0.61,2.46,1,8,0
5.4,62.5,58.2,19.1,1.4,4,40.8,-0.79,3.11,0,2,0
12.4,82.1,87.5,76.2,2.4,2,82.2,1.49,4.0,0,4,0
10.9,87.1,74.2,67.3,1.9,7,92.1,1.9,3.51,0,7,0
8.9,81.3,70.0,70.6,0.3,6,75.8,1.16,3.84,0,4,0
9.4,51.8,67.0,62.5,1.6,3,41.5,0.49,2.7,0,5,0
8.7,30.6,47.1,32.7,2.2,3,55.1,-0.67,2.13,1,7,0
15.1,72.3,75.0,99.8,1.4,8,84.9,0.41,3.94,0,6,0
11.5,56.6,58.4,78.0,5.3,3,75.0,-0.06,2.65,1,7,0
3.2,13.5,57.0,73.0,3.8,3,81.3,-0.61,2.51,0,3,1
13.2,68.9,67.4,79.9,0.3,7,74.5,0.15,4.0,1,4,0
7.4,49.6,53.2,54.1,2.7,4,49.5,-0.53,2.41,0,1,0
5.6,54.1,72.6,71.5,6.4,3,31.3,0.38,3.41,0,8,0
7.9,49.4,62.3,58.9,4.5,5,67.9,-0.84,3.05,0,8,1
4.2,59.2,64.9,66.4,3.9,6,73.2,0.56,2.97,0,4,1
0.2,14.7,47.0,51.1,5.2,1,41.1,-0.4,2.71,1,4,1
0.0,0.0,44.4,33.9,4.4,1,20.8,-1.12,1.83,0,4,1
8.9,57.2,74.5,52.7,4.7,5,57.5,0.53,3.53,1,3,0
8.5,79.9,82.6,29.2,0.0,3,64.2,0.33,3.59,1,5,0
3.3,34.3,26.3,28.9,7.2,2,20.4,-0.95,2.38,0,5,0
11.3,70.5,65.8,27.3,4.2,4,52.2,0.64,3.58,1,1,0
6.4,15.7,47.7,29.3,5.1,2,37.7,-0.41,2.42,1,6,1
4.5,69.4,69.7,93.2,0.6,4,39.2,1.29,3.62,0,1,0
3.7,24.5,51.1,16.3,5.9,3,20.1,-0.72,3.86,1,7,1
5.8,51.8,66.0,76.6,4.5,4,53.0,0.08,4.0,0,4,0
9.9,79.3,60.8,93.0,0.5,7,97.9,0.32,3.15,0,8,0
7.0,54.0,65.7,39.7,1.3,2,43.3,0.74,3.07,0,7,0
8.4,59.8,90.4,100.0,0.0,10,80.2,0.79,3.03,1,4,0
6.6,24.1,36.5,31.3,5.9,1,8.7,-1.16,2.47,0,4,1
9.8,63.0,90.0,100.0,1.3,2,61.0,1.82,3.58,1,1,0
6.5,37.0,62.5,70.0,6.8,2,35.0,-0.68,2.61,0,5,1
8.5,55.0,79.8,69.5,0.0,7,83.4,0.73,3.88,1,1,0
14.3,100.0,61.3,39.8,0.0,7,54.6,0.74,3.35,1,6,1
9.0,71.5,88.1,44.2,2.9,0,72.3,-0.21,2.6,1,5,1
6.7,25.2,60.1,73.1,4.1,4,66.3,-0.56,3.11,0,1,0
8.0,76.5,75.8,100.0,2.4,7,78.7,0.44,3.29,0,5,0
3.6,44.4,52.3,33.2,3.5,5,66.2,-0.55,2.66,1,1,1
7.1,59.8,58.1,69.8,2.9,5,100.0,0.6,4.0,1,5,0
9.5,53.3,55.0,63.5,2.5,2,73.8,0.8,2.81,0,7,0
11.8,86.4,78.9,87.5,3.6,3,56.1,-0.37,3.76,1,3,0
1.4,42.3,42.8,38.9,3.4,3,59.4,-1.64,1.92,0,3,1
5.2,44.0,44.2,32.1,3.6,1,36.0,-0.59,1.73,1,8,1
3.5,51.3,55.3,64.0,4.7,3,87.4,0.08,2.64,1,8,0
5.2,62.1,59.9,50.2,6.0,1,46.5,-0.95,4.0,1,2,0
3.6,51.6,49.5,64.3,1.4,2,82.2,0.59,3.34,0,8,0
1.1,15.9,44.5,59.7,4.2,5,43.1,-0.54,2.73,0,6,1
0.6,2.3,41.9,25.0,3.8,4,78.7,-0.53,1.9,0,7,1
11.5,74.0,81.0,86.6,1.8,6,81.9,0.58,3.53,1,5,0
3.2,42.9,58.8,45.6,0.1,3,100.0,-1.15,1.92,1,5,1
13.8,56.8,77.4,88.8,0.7,3,85.0,0.54,4.0,0,6,0
2.5,23.0,49.0,53.8,2.6,4,58.8,-0.67,2.65,0,6,0
7.3,48.0,63.9,53.5,2.2,0,86.9,-0.24,2.96,0,5,0
7.4,48.0,52.6,49.0,0.0,1,24.7,-0.92,2.49,1,2,0
11.2,87.6,92.7,45.9,5.0,7,100.0,1.96,4.0,0,1,0
4.6,31.6,78.1,65.4,0.0,4,42.6,-1.38,2.78,1,7,1
4.1,32.7,54.8,54.6,5.2,5,38.9,-1.29,2.21,0,6,1
8.9,58.3,63.0,76.5,0.0,7,80.6,0.55,4.0,0,3,0
3.1,32.5,42.0,43.1,0.9,4,59.0,-0.31,2.59,1,2,0
11.5,50.7,75.3,80.7,1.7,4,86.1,1.13,2.58,1,7,0
5.5,61.3,53.2,48.7,4.1,5,47.0,0.51,2.13,0,3,0
5.2,21.4,44.1,23.9,2.5,2,32.5,-0.36,2.05,0,4,0
12.4,76.3,87.1,89.1,0.0,4,37.5,1.1,3.65,1,8,0
5.7,55.1,47.3,63.5,0.9,2,64.2,-1.45,3.0,0,2,0
10.3,46.0,81.4,72.8,2.8,3,93.5,-0.8,2.59,1,2,0
6.0,64.5,81.9,100.0,0.5,0,63.2,0.77,2.85,0,7,0
6.6,68.1,27.7,65.8,6.4,1,13.1,0.08,2.07,1,3,1
11.8,60.5,61.3,92.3,0.0,10,89.7,1.08,3.98,0,5,0
9.5,54.5,93.7,94.3,2.4,4,65.1,0.3,4.0,0,4,0
3.7,20.5,60.6,49.2,6.8,1,46.2,-0.73,3.48,1,3,1
7.4,58.2,66.4,67.6,3.1,3,67.4,-0.33,3.01,0,2,0
11.4,77.6,59.8,62.1,0.0,5,64.0,-0.74,3.74,0,5,0
6.5,81.3,61.8,78.9,3.5,3,77.6,0.18,2.57,0,4,0
5.8,66.9,68.4,57.6,2.3,5,59.4,1.27,2.99,1,5,0
9.5,65.3,62.3,54.8,2.9,4,57.9,-0.4,2.29,0,3,0
7.1,61.4,77.8,79.7,6.0,4,70.3,0.76,3.17,0,5,0
11.6,82.6,67.5,71.2,1.8,8,71.8,0.04,3.47,0,2,0
10.9,60.8,63.7,49.5,3.7,2,46.3,-0.88,1.7,1,2,0
6.2,70.6,94.9,76.9,0.0,6,91.2,1.54,4.0,1,7,0
5.1,68.1,54.6,62.0,3.0,3,25.5,-0.56,3.0,0,1,1
8.5,89.6,82.1,100.0,4.1,4,69.6,1.26,3.0,0,7,0
4.4,41.9,69.2,47.8,3.1,8,31.3,0.83,3.0,1,4,0
1.5,59.5,53.3,67.4,3.7,8,42.7,-0.35,2.02,0,3,0
3.9,83.3,55.3,70.8,4.3,6,54.2,1.03,2.68,1,7,0
8.6,70.7,60.9,88.2,5.4,5,48.5,-0.2,3.98,0,8,0
7.4,64.1,59.0,83.3,0.0,3,88.6,-0.12,2.64,0,5,0
6.3,85.5,47.4,88.8,1.2,9,84.3,0.96,3.14,0,6,0
9.6,75.2,88.5,82.1,4.6,6,96.4,-0.37,2.62,0,2,0
6.9,57.3,49.1,60.9,6.0,3,65.0,0.4,3.37,1,1,0
13.9,63.7,100.0,76.4,0.6,7,73.8,1.64,3.85,1,3,0
6.4,17.7,61.4,71.9,2.9,9,78.2,1.02,3.43,0,2,0
12.1,93.6,66.3,77.9,2.9,6,68.2,0.05,3.37,1,3,0
6.3,38.2,41.0,52.8,3.5,6,55.8,0.46,3.51,0,8,0
4.1,60.9,60.4,84.7,3.8,0,3.7,-0.97,2.4,1,2,1
2.4,21.8,44.2,58.6,6.7,3,53.1,-1.06,1.87,0,7,0
11.2,60.1,65.3,33.7,0.0,6,71.2,0.23,2.67,0,3,0
5.5,38.9,35.1,39.5,2.9,4,36.2,-0.56,1.64,1,7,0
7.4,52.4,80.8,61.9,3.0,2,87.0,-0.08,3.35,0,2,0
6.7,65.3,49.5,87.4,2.0,4,64.6,0.98,2.73,1,7,0
0.0,39.5,53.6,17.6,4.1,2,33.3,-1.56,2.82,1,6,0
0.0,35.6,46.3,43.0,6.7,1,27.8,-0.92,1.38,1,6,1
6.7,87.9,88.6,74.6,5.2,2,49.7,0.5,3.18,0,6,0
6.7,77.6,81.2,85.4,2.6,6,94.5,-0.65,3.8,0,6,0
10.7,58.2,67.2,71.6,5.4,5,79.4,0.95,3.3,1,5,1
1.2,77.1,56.8,86.9,3.5,2,36.3,-0.69,1.77,0,4,0
4.2,60.0,70.7,81.5,1.8,5,73.9,0.25,3.04,1,8,0
3.7,25.1,47.1,5.8,1.7,0,33.4,-0.88,1.73,1,2,1
7.3,50.7,52.2,81.9,0.9,8,43.5,-0.93,2.86,0,3,0
8.8,55.4,88.1,83.0,1.5,5,77.2,0.0,3.19,0,2,0
8.6,10.0,31.7,60.4,4.4,3,49.8,0.08,3.13,0,7,0
5.2,23.3,49.6,36.1,4.7,1,52.7,-0.84,2.34,0,1,0
9.4,35.5,65.6,42.5,6.7,2,95.5,-1.77,2.95,1,8,1
4.5,34.5,41.6,28.5,5.3,1,44.0,-0.74,2.46,1,6,1
7.4,79.8,53.7,90.0,3.6,8,64.7,0.41,3.46,1,5,0
3.1,30.8,45.1,57.7,7.6,1,50.8,-0.49,2.33,1,6,0
7.7,47.3,22.3,43.4,2.7,6,44.0,-1.58,3.0,1,6,0
7.8,39.2,53.9,14.9,2.3,3,39.4,-0.3,2.49,0,1,1
6.7,94.7,48.7,80.4,5.1,2,42.2,-0.45,3.63,0,7,0
6.0,62.2,87.7,17.6,4.7,5,0.0,-0.4,2.75,0,7,0
10.0,55.1,78.2,98.7,2.4,5,74.3,0.44,2.92,1,3,1
3.2,42.3,50.1,25.2,3.7,0,12.4,-0.34,2.89,0,2,0
5.3,28.9,73.7,57.1,2.8,3,36.1,0.64,2.99,0,7,0
5.2,31.7,55.2,47.3,3.8,4,44.1,0.63,2.8,1,7,0
5.4,65.8,64.1,86.3,1.5,3,70.1,-0.0,3.45,1,2,0
9.6,76.0,62.8,76.6,1.5,8,100.0,0.11,3.03,1,1,0
2.7,30.9,66.9,55.1,4.5,2,20.9,0.1,2.71,0,4,0
13.3,100.0,72.7,81.7,2.5,5,100.0,0.87,3.36,1,7,0
10.9,43.6,59.1,49.5,2.3,5,72.7,-1.99,3.12,0,5,0
4.6,37.5,67.1,48.6,4.8,7,69.8,-0.27,3.52,1,2,0
1.7,41.8,48.6,51.5,1.1,4,70.7,0.27,2.84,0,2,0
3.7,46.4,48.9,18.0,5.0,0,46.6,-1.51,3.1,1,3,0
3.4,42.3,56.4,48.2,5.2,7,7.8,-0.57,2.94,1,7,1
12.7,86.0,94.4,87.6,0.7,8,93.3,-0.16,3.5,1,1,0
8.0,71.0,70.1,77.8,2.7,5,33.5,0.62,3.39,1,3,0
4.7,56.1,53.6,47.6,3.0,3,37.6,-0.24,1.97,1,5,0
5.2,53.4,58.6,58.6,2.6,1,43.2,-0.82,2.63,0,2,0
3.9,48.7,36.6,68.8,2.9,4,39.1,-0.32,2.25,0,1,0
12.0,70.9,96.1,79.2,0.4,6,93.3,-0.21,3.36,1,6,0
8.0,30.3,44.0,47.8,6.4,6,33.6,-0.13,1.63,1,7,1
1.8,32.2,41.6,28.1,0.0,3,50.6,-1.01,3.05,1,8,1
2.5,53.0,66.9,79.3,2.7,2,54.0,0.18,2.61,1,1,0
8.1,69.7,81.0,68.1,0.0,8,73.5,-0.07,3.73,1,8,0
0.3,54.0,30.5,35.9,2.3,1,17.6,0.44,2.2,0,1,1
5.2,57.2,71.0,55.8,1.0,3,45.4,1.27,2.23,0,5,0
7.5,68.0,84.8,76.8,3.6,9,80.5,2.2,3.37,1,4,0
2.2,34.7,38.6,59.3,7.0,7,12.3,0.29,1.86,0,8,0
9.1,78.0,99.2,84.9,1.5,11,100.0,0.37,3.46,0,7,0
12.2,74.8,85.9,86.0,0.9,4,60.6,0.5,4.0,1,4,0
5.2,64.0,58.8,55.4,5.0,1,97.0,1.12,3.67,0,4,0
7.2,73.9,72.4,83.9,3.5,5,84.3,0.71,3.38,0,3,0
9.7,96.9,67.6,91.0,0.4,2,76.4,1.15,2.76,0,8,0
4.8,43.7,69.6,68.2,3.9,9,50.6,-0.27,2.6,0,8,1
10.5,61.6,68.9,80.0,0.0,5,83.6,0.16,3.53,1,3,0
0.0,32.4,41.0,25.9,3.5,3,31.1,-0.34,2.22,1,8,0
0.0,63.0,55.2,46.6,4.7,3,51.4,-1.61,1.79,0,5,1
4.5,55.3,71.9,75.1,0.7,11,82.9,0.85,2.93,0,1,0
2.2,34.6,43.7,37.8,3.7,5,45.4,-0.58,2.89,1,8,1
4.4,24.7,54.0,44.3,0.3,0,67.9,-0.76,2.72,1,4,1
5.5,55.9,59.9,42.9,4.5,5,55.2,-0.43,2.59,0,8,0
7.3,57.0,100.0,79.9,0.2,3,51.3,0.51,3.01,0,2,0
6.9,78.1,88.1,82.2,0.2,3,32.9,0.62,3.03,0,4,0
12.7,79.7,69.6,90.9,4.5,11,74.9,0.92,3.55,1,5,0
5.7,0.0,54.0,38.1,3.3,2,34.2,-1.5,2.21,1,4,1
8.3,49.9,43.4,23.7,4.8,4,84.5,1.34,3.07,0,2,0
7.3,44.0,53.0,94.7,5.2,8,52.3,-0.24,3.09,0,7,1
12.3,92.6,94.7,90.4,2.6,7,92.2,0.96,3.69,0,2,0
5.6,46.2,74.0,60.4,2.0,3,75.5,1.31,3.2,0,2,0
8.3,53.2,75.1,68.0,1.5,1,73.1,-0.86,2.78,0,5,0
4.0,68.1,51.6,52.0,1.2,2,68.2,0.99,2.75,0,4,0
7.5,93.6,72.6,70.4,0.0,5,63.0,0.8,4.0,1,5,0
4.6,51.6,73.2,82.4,3.6,6,50.7,0.08,3.2,1,6,0
7.8,80.7,58.5,59.1,4.2,2,51.3,-0.72,2.76,0,2,0
9.0,27.3,81.8,71.4,3.0,5,28.6,-0.38,3.29,0,4,0
7.2,64.9,64.4,31.2,0.0,4,63.0,0.02,2.49,1,3,1
8.8,55.9,74.6,77.8,1.1,4,64.3,0.86,3.53,0,5,1
4.6,75.5,54.7,60.2,3.0,3,77.2,0.89,4.0,0,3,1
5.5,36.0,61.1,40.6,6.3,3,38.7,-0.36,2.11,0,6,1
8.0,52.6,76.5,78.0,2.5,4,51.2,0.14,3.36,0,3,0
7.9,34.2,27.4,44.3,3.8,4,72.1,0.47,2.64,0,1,0
6.9,40.2,65.5,52.6,1.6,4,56.2,1.5,2.8,1,2,0
11.3,73.6,71.4,80.1,2.4,5,89.2,1.49,3.31,0,6,0
7.4,72.9,74.4,57.9,2.1,4,63.8,-0.1,3.34,0,3,0
6.5,77.9,56.2,40.7,1.7,2,59.9,0.08,2.18,0,8,0
7.1,36.8,40.5,22.1,1.4,1,18.5,-0.2,2.84,0,8,1
7.2,64.4,87.2,72.2,0.5,4,85.1,1.13,3.06,0,5,0
6.6,61.5,72.5,44.3,4.1,2,62.9,-0.59,1.73,1,8,1
5.9,48.4,60.4,37.7,0.0,0,57.3,-0.57,3.09,0,2,1
9.7,64.4,83.6,100.0,0.8,3,82.3,1.4,3.5,1,6,0
8.1,64.3,41.3,49.1,6.6,1,57.1,-0.44,1.95,1,7,0
7.2,42.2,34.1,35.3,0.5,5,41.4,-1.01,2.72,1,2,1
8.6,78.9,94.6,71.1,2.3,4,48.2,1.13,2.77,0,6,0
6.7,21.2,45.3,69.2,4.5,2,42.1,0.77,2.31,0,5,0
1.4,30.2,64.5,44.1,3.3,3,44.5,-1.0,2.48,0,4,1
5.3,75.3,64.6,48.8,4.5,3,49.5,-0.81,1.85,0,8,1
7.1,79.4,79.7,90.0,1.2,7,97.5,0.62,2.77,0,8,0
8.2,55.0,62.4,60.4,4.3,5,40.6,0.42,2.41,1,5,0
4.8,63.9,61.5,69.8,1.4,3,31.4,-0.46,2.63,1,8,0
8.9,38.8,58.0,64.2,6.0,7,46.3,0.97,3.34,0,7,0
12.0,70.1,95.2,73.7,4.3,6,85.0,0.89,3.0,1,4,0
5.3,85.6,61.4,59.5,0.0,2,26.7,0.49,2.33,0,2,0
3.8,39.0,68.5,62.8,6.1,3,56.8,-0.95,2.58,0,5,0
8.2,63.1,68.1,74.6,1.0,2,49.0,-0.43,3.19,0,3,0
4.2,68.3,60.8,60.0,5.9,4,39.6,-0.35,2.44,0,5,0
5.0,59.8,54.7,37.5,5.7,4,76.4,-1.28,3.46,0,3,0
5.0,20.9,58.0,34.7,1.5,4,66.2,-0.25,2.62,0,3,0
6.0,50.3,75.5,66.7,4.6,4,49.4,-1.59,2.53,0,2,0
9.6,92.2,65.8,88.6,0.7,3,44.0,0.1,2.99,0,4,0
3.3,47.6,62.8,80.2,3.7,3,95.9,-0.09,3.46,0,4,0
7.1,72.5,80.4,95.8,1.4,5,75.4,0.16,3.77,0,3,0
6.7,73.9,49.3,86.4,0.1,7,79.1,0.45,2.51,0,7,0
5.0,49.6,43.4,54.3,1.1,3,59.2,-0.54,2.14,0,4,0
3.5,14.3,41.5,46.6,4.5,1,4.2,0.1,2.18,0,5,1
0.0,0.0,79.6,53.7,4.9,0,28.8,-1.26,2.42,1,3,1
10.8,50.5,59.5,54.7,2.9,1,49.1,-0.05,3.01,0,3,0
4.4,89.0,81.4,86.2,0.1,5,75.2,0.9,2.79,0,1,0
11.2,79.1,67.5,100.0,0.0,8,60.8,0.97,3.6,1,5,0
9.2,51.1,65.9,48.5,0.2,10,68.2,-0.12,3.88,0,4,0
3.2,38.2,62.5,65.6,5.1,2,44.8,-1.17,2.55,0,4,0
10.3,91.2,100.0,73.0,0.0,7,98.9,1.56,2.87,0,1,0
6.3,57.9,64.4,96.3,3.8,5,87.5,0.49,2.56,1,5,0
10.5,85.2,57.7,100.0,1.2,2,72.8,0.55,3.21,1,2,0
1.5,37.4,53.0,46.8,3.8,4,53.7,1.26,2.35,0,2,0
5.6,8.0,29.3,34.2,5.9,2,47.5,-0.91,1.92,0,8,1
3.0,39.7,31.4,8.6,4.8,2,36.7,0.57,2.45,0,7,1
1.2,66.8,63.4,44.9,2.8,1,21.1,-1.28,2.59,0,5,1
7.2,58.6,59.0,58.8,5.6,1,86.2,-0.47,2.41,1,4,1
13.4,40.2,61.6,90.1,0.0,5,54.6,-0.27,2.42,0,6,0
2.3,31.8,66.2,47.8,6.4,2,86.4,-0.65,2.88,0,7,1
9.1,77.3,99.9,86.5,0.0,3,82.6,0.56,3.2,0,2,0
6.5,61.3,46.3,57.0,1.7,3,51.1,-0.09,3.09,0,6,1
3.8,17.3,69.6,53.9,6.2,4,6.6,-0.27,2.21,0,6,0
6.2,45.0,67.9,62.4,6.6,4,80.3,0.08,2.94,1,7,1
6.5,50.7,57.3,73.9,2.6,5,36.8,0.2,2.81,0,2,0
7.8,70.2,57.8,98.4,0.0,4,79.0,0.1,2.65,0,4,1
6.9,31.3,61.2,66.6,4.1,3,97.2,1.05,2.58,0,7,0
7.2,73.2,63.5,50.5,2.1,5,45.6,-0.35,3.13,1,5,0
5.8,31.8,47.1,45.2,2.0,2,50.5,-0.62,2.49,0,1,0
10.5,52.1,98.2,84.9,2.4,5,54.7,-0.28,2.88,0,5,0
3.5,60.4,58.4,51.1,0.0,3,80.2,-0.41,2.36,0,1,0
7.5,47.5,56.7,94.2,2.2,8,71.8,0.05,3.08,0,6,0
8.9,45.4,51.6,45.4,1.5,4,49.0,-0.38,3.06,1,6,0
10.3,46.0,89.2,67.8,0.0,4,96.0,0.72,2.89,0,5,0
9.3,40.1,67.3,45.0,0.0,6,78.0,-0.32,3.16,0,7,0
8.1,51.5,72.9,69.6,1.3,8,46.1,-0.14,2.65,1,2,0
4.0,28.2,51.9,74.8,4.8,2,74.7,-1.15,3.05,0,6,0
5.7,52.0,56.4,59.9,5.8,1,21.8,-0.92,2.42,1,3,1
7.4,64.5,89.2,60.6,5.0,5,71.6,1.02,3.48,1,3,0
9.9,91.6,54.9,74.9,0.0,4,47.4,-0.66,3.54,0,4,0
5.0,43.9,44.4,67.9,2.8,4,24.1,-0.2,3.49,0,7,1
2.8,0.0,30.0,54.3,3.3,2,11.5,0.07,1.52,1,5,1
6.4,7.5,53.3,28.2,3.6,3,40.8,0.14,1.76,0,5,0
8.2,51.2,74.3,99.0,4.7,8,77.0,0.74,3.85,0,7,0
4.7,90.7,59.2,51.7,4.0,3,62.6,-0.53,3.01,0,4,0
9.1,75.4,78.1,100.0,3.1,6,100.0,1.16,3.13,0,4,0
11.2,100.0,84.7,93.8,5.2,8,91.5,1.29,2.08,0,1,1
5.8,67.6,64.4,68.8,0.0,2,47.2,0.77,2.87,0,1,0
7.8,51.1,94.7,62.3,0.8,5,90.2,0.44,2.53,0,3,0
6.2,35.2,54.1,83.9,3.4,4,53.0,0.84,2.67,0,2,0
8.2,76.3,60.6,57.2,2.5,7,39.6,0.2,3.29,0,8,0
13.1,46.5,82.5,89.6,3.3,2,97.5,1.99,3.7,0,5,0
8.1,66.2,84.2,52.8,2.2,2,78.1,-0.22,3.6,0,7,0
0.0,20.4,23.8,30.7,5.3,2,12.2,-2.1,1.87,0,3,1
7.8,77.6,72.9,91.2,0.4,8,100.0,0.51,2.76,0,3,0
8.3,79.7,67.8,75.9,3.6,5,86.7,1.15,3.88,0,8,0
0.0,35.1,47.4,55.6,4.5,6,41.9,0.11,2.44,0,2,0
11.4,82.5,58.1,80.5,3.9,7,72.3,0.29,3.39,1,3,0
11.1,89.4,73.8,92.5,3.6,8,100.0,-0.01,3.69,0,3,0
13.7,67.2,86.9,100.0,0.0,5,40.8,0.69,3.01,0,2,0
2.8,10.9,44.2,42.6,7.4,3,29.6,-0.52,2.64,1,3,1
5.9,55.3,58.5,67.1,4.2,9,50.1,-0.63,3.9,0,5,0
2.7,72.6,50.2,50.7,3.4,4,20.0,-0.71,2.15,0,4,0
9.3,83.8,80.7,79.9,2.9,8,95.4,0.65,3.73,1,2,0
5.7,52.5,53.8,29.3,3.0,2,45.4,-0.18,1.63,0,6,1
11.6,60.3,53.3,100.0,4.2,7,90.6,0.44,2.88,1,8,0
14.4,40.9,50.8,57.3,2.9,4,53.4,-0.23,3.21,0,7,1
3.8,35.9,50.2,38.7,4.6,1,74.3,0.03,2.84,1,4,0
5.5,23.3,60.9,49.3,2.2,2,48.0,-1.23,2.04,0,5,1
4.9,27.8,60.2,65.2,3.5,2,46.3,1.04,2.83,1,6,0
7.3,54.3,76.5,55.5,4.8,2,42.1,0.42,3.23,0,3,0
6.2,19.9,49.0,34.1,5.3,1,0.0,-1.44,1.41,0,3,1
11.6,85.1,71.7,75.8,2.8,9,94.2,-0.09,4.0,1,8,0
4.1,51.5,62.8,69.9,1.2,4,77.5,-0.58,3.22,0,6,1
10.4,30.9,87.4,85.9,2.6,5,100.0,0.76,3.5,1,8,0
3.8,75.9,90.9,72.9,0.3,5,64.7,-0.12,3.27,1,6,1
3.1,38.8,72.6,100.0,1.8,6,58.7,0.34,4.0,1,8,0
7.5,65.7,56.6,85.1,1.3,4,33.9,-0.76,3.57,0,3,0
10.0,53.6,45.3,71.9,1.7,6,84.2,0.67,2.98,1,4,0
11.0,80.3,54.5,63.0,0.0,6,90.9,1.1,3.84,0,6,0
12.7,40.2,73.6,70.6,2.4,7,91.8,0.13,2.71,0,1,0
8.1,72.8,72.7,80.4,2.1,7,46.7,0.33,2.92,0,4,0
8.0,64.2,61.1,82.8,0.0,3,78.4,0.77,3.85,1,1,0
14.3,80.9,100.0,63.5,1.4,7,76.9,1.16,3.89,1,7,0
10.2,58.8,82.9,91.3,2.5,3,100.0,1.47,3.98,1,4,0
4.4,57.1,35.8,32.0,5.0,4,43.9,-1.56,2.84,0,5,0
11.3,63.9,94.2,100.0,2.9,4,50.4,1.0,3.75,0,4,0
1.7,39.0,59.3,45.8,3.0,1,36.6,-0.57,1.98,0,4,1
8.2,42.2,63.0,29.6,2.2,4,23.8,0.77,3.77,0,7,1
9.8,93.1,54.1,50.8,4.1,3,19.3,-0.62,2.68,0,2,0
8.5,48.2,63.1,24.8,3.6,1,29.2,-0.37,2.96,1,6,1
1.1,19.1,67.6,44.4,0.0,2,21.2,-1.25,2.24,0,8,1
14.8,77.6,71.5,100.0,0.0,4,65.3,1.36,3.8,0,3,0
10.5,78.8,58.2,94.5,3.9,7,72.1,-0.98,4.0,0,8,0
12.6,92.4,94.7,95.6,0.0,2,88.8,1.38,3.52,0,3,0
8.3,60.6,71.5,62.4,1.6,4,66.8,0.35,3.7,1,6,0
5.0,35.4,43.2,57.2,4.3,1,39.1,-1.01,2.24,1,3,0
9.5,68.2,74.3,86.5,0.0,7,49.4,0.34,2.3,1,8,0
5.3,42.5,33.9,47.2,6.7,0,47.6,-0.45,1.89,0,1,1
7.1,46.0,67.9,57.0,2.5,5,85.9,0.38,3.18,1,5,0
6.6,13.4,42.7,30.6,2.3,6,36.3,-1.15,2.9,0,8,0
12.9,89.4,79.2,92.3,2.4,8,90.5,0.97,3.87,1,1,0
5.4,55.8,51.2,48.5,2.7,7,57.0,-0.07,3.07,1,8,1
1.4,61.8,52.1,53.3,3.7,3,61.3,-1.01,3.87,0,8,0
10.3,78.0,83.1,97.1,4.1,4,83.4,1.07,3.74,1,2,0
3.8,41.6,54.2,46.5,2.3,5,63.3,-0.13,2.51,0,2,0
8.5,52.5,91.0,89.5,3.8,4,84.0,0.16,3.32,0,6,0
6.4,52.5,70.1,79.1,2.2,5,67.6,-0.78,3.67,0,8,0
3.5,54.4,56.9,62.9,3.3,8,59.9,-0.69,2.11,0,7,1
0.0,4.2,31.6,51.1,4.9,0,17.5,-0.73,2.91,1,4,0
10.3,89.2,83.7,85.4,0.9,6,53.3,0.58,3.38,1,2,0
11.2,73.1,81.3,89.5,0.0,5,77.9,1.82,3.22,0,2,0
7.0,52.1,60.5,75.1,3.7,7,85.5,-0.22,2.18,1,5,0
11.7,87.6,65.2,100.0,3.5,7,76.3,0.28,4.0,1,2,0
3.0,38.7,54.8,60.3,5.0,3,48.1,-0.16,2.06,0,7,1
8.4,79.7,96.5,63.0,3.7,5,25.5,-0.46,3.03,0,4,0
8.6,52.2,46.8,48.6,2.6,5,49.6,-0.89,2.1,1,3,0
8.9,70.7,84.0,77.2,3.0,10,75.7,0.15,4.0,0,8,0
10.6,0.0,71.0,69.1,4.0,3,1.8,-2.08,2.74,1,1,1
8.0,76.1,61.1,60.3,4.1,4,68.5,0.55,2.39,1,1,0
7.2,53.7,46.3,62.4,1.9,3,43.0,1.13,3.11,0,7,0
12.8,93.6,91.2,93.6,2.3,4,68.5,1.44,4.0,0,1,0
10.3,87.1,82.9,85.8,0.2,6,98.4,1.98,3.05,0,4,0
5.7,24.3,44.4,58.9,5.9,0,34.6,-0.05,2.01,0,5,1
9.9,82.2,73.3,40.6,0.0,2,61.4,0.24,3.82,1,8,0
6.7,66.2,79.1,68.8,1.9,2,51.0,0.78,3.16,0,4,0
11.4,63.9,64.5,60.2,1.1,3,53.7,0.08,2.39,0,7,0
7.3,40.0,97.0,84.6,9.1,1,70.4,0.11,3.29,0,8,0
0.0,37.9,56.9,41.8,5.2,1,19.4,-1.06,2.37,0,1,1
11.1,49.5,85.0,66.1,0.0,4,90.0,0.29,3.26,0,7,0
6.3,27.3,53.7,66.1,0.7,6,26.4,-0.19,3.08,0,4,1
7.0,27.2,48.6,60.9,0.7,3,5.6,0.18,2.44,0,4,0
7.1,93.3,55.1,76.2,0.0,6,90.5,1.0,3.27,0,4,0
8.9,78.2,69.5,77.8,0.0,1,66.1,0.15,3.29,1,3,1
9.0,81.6,91.2,100.0,0.0,4,77.4,0.06,3.96,1,4,0
8.8,63.0,58.9,76.6,2.0,3,66.0,0.22,2.45,0,7,0
12.0,65.8,67.8,100.0,2.9,7,66.8,1.36,2.43,0,5,0
9.2,43.2,63.6,67.4,1.6,4,70.9,1.14,3.09,1,3,0
10.2,46.9,68.5,69.5,3.0,6,86.1,0.46,3.56,0,6,0
6.8,77.5,77.0,100.0,0.0,10,100.0,0.94,3.18,0,6,0
8.0,63.5,47.5,65.8,2.4,6,42.4,0.3,2.47,0,8,0
7.7,60.1,72.8,43.4,1.4,3,41.2,-1.1,2.5,0,4,0
13.6,48.6,69.8,66.6,3.2,7,73.3,0.38,3.04,0,2,0
12.0,100.0,66.5,88.3,0.7,3,85.8,1.45,2.93,1,1,0
8.8,87.3,82.3,62.5,6.2,5,56.6,0.36,3.27,0,3,0
8.7,67.4,64.5,61.1,1.2,4,89.2,0.06,1.65,0,2,0
6.9,88.9,77.7,91.7,0.0,5,37.9,1.96,3.47,1,7,0
8.9,59.5,59.4,62.5,3.9,1,24.0,0.86,2.84,1,1,1
10.1,74.2,85.3,100.0,0.9,6,48.5,0.78,3.73,0,5,0
5.4,37.3,52.3,74.6,4.3,2,71.9,-0.38,1.74,1,2,1
8.9,46.1,78.5,78.8,1.6,5,81.0,0.95,3.44,1,8,0
9.1,64.5,73.4,98.8,1.4,8,47.8,0.52,3.04,0,5,0
7.9,66.4,78.6,81.7,0.5,4,69.2,1.28,4.0,1,5,0
9.0,61.9,68.2,100.0,1.6,5,66.4,-0.41,3.34,0,7,0
4.7,38.9,47.7,44.4,0.6,2,4.4,-0.64,1.94,0,7,0
10.0,44.9,64.1,91.9,3.6,6,83.5,1.25,2.68,0,2,0
3.5,33.7,36.6,22.9,7.4,2,5.7,-0.53,1.75,0,2,1
7.3,69.3,65.9,57.6,4.6,4,71.0,-0.86,3.33,0,3,1
6.9,69.8,91.9,65.9,1.2,5,45.4,-0.26,3.71,1,5,0
5.6,41.2,71.2,84.5,1.3,10,64.9,-0.88,3.09,0,8,0
6.2,53.2,48.0,58.8,4.2,4,74.0,-0.78,2.75,1,8,0
6.6,65.3,58.1,34.8,0.2,1,84.3,-0.43,2.99,1,2,1
6.9,76.0,76.6,76.8,4.1,5,79.5,0.8,3.25,1,7,0
7.5,96.0,67.5,64.4,0.0,4,72.5,0.75,3.96,0,5,0
9.6,66.1,66.5,68.7,1.0,10,43.3,0.38,3.08,0,4,0
11.5,68.6,62.1,89.9,0.0,2,59.7,0.39,3.51,0,4,0
10.4,59.8,72.5,58.8,4.1,6,69.9,1.32,3.09,1,4,0
10.5,77.6,78.2,52.2,4.3,3,60.3,-0.32,3.63,0,5,0
4.8,51.5,27.6,24.6,4.8,5,16.9,-1.64,2.83,1,5,1
5.2,43.2,66.2,42.7,7.5,2,51.4,-0.09,3.0,0,2,0
11.7,43.4,63.4,41.1,2.5,3,40.2,-0.09,3.95,1,2,0
7.0,30.4,43.6,25.1,4.9,3,72.0,-1.1,1.24,0,3,1
5.2,0.0,50.1,31.9,1.4,2,33.0,-0.67,2.52,0,7,0
9.3,65.0,76.1,86.1,0.8,8,94.1,-0.48,3.66,1,3,0
11.0,93.7,72.0,74.8,1.2,3,100.0,0.45,3.84,1,3,0
6.5,50.2,35.8,58.0,1.6,3,85.0,-1.8,2.75,1,7,0
4.6,51.3,66.0,58.5,3.7,6,55.1,-0.06,2.86,0,6,1
0.0,66.9,63.5,61.0,0.0,5,40.8,0.59,2.8,1,1,0
8.8,64.9,61.8,51.9,3.4,5,55.8,-0.16,3.49,1,4,0
7.5,32.7,67.7,79.6,2.8,3,71.8,-0.94,2.96,1,5,0
6.2,37.7,57.6,39.1,1.6,4,27.4,0.84,2.71,1,6,0
7.4,64.5,88.6,65.2,3.4,3,53.7,0.82,3.14,1,8,0
3.5,29.9,36.6,53.2,6.9,3,44.7,0.8,2.44,1,4,1
1.8,68.2,48.7,63.3,4.6,2,53.8,0.06,2.67,1,5,1
3.1,39.8,39.4,55.2,2.5,4,54.9,-0.6,3.24,0,8,0
1.6,32.0,43.4,40.9,5.3,2,16.5,0.24,1.8,1,6,1
1.9,27.7,58.2,22.6,3.7,3,34.8,-0.88,2.68,0,8,1
4.6,69.2,68.9,43.0,4.8,4,57.5,0.27,3.37,1,1,1
3.5,68.4,52.0,87.5,3.3,5,36.5,-1.51,2.59,0,5,1
0.1,0.0,38.4,29.3,1.8,1,44.6,-0.02,2.25,1,3,0
8.4,51.1,56.3,58.8,2.4,6,54.6,0.19,3.5,1,6,1
2.4,33.2,34.6,68.0,2.6,0,33.6,-0.86,2.14,0,4,1
7.9,88.7,81.6,78.8,0.0,6,66.3,1.42,4.0,0,4,0
10.9,70.5,71.1,75.7,1.2,3,63.7,-0.23,3.81,1,4,0
9.5,76.6,65.5,61.4,2.3,6,53.5,0.2,2.94,0,1,0
3.1,65.3,64.1,55.7,3.7,4,85.9,0.81,2.7,1,6,0
9.2,40.6,70.5,88.7,1.8,0,73.9,-0.05,2.92,1,4,0
9.2,80.9,78.7,100.0,4.3,1,100.0,0.75,2.64,0,2,0
7.2,55.0,64.2,66.4,0.1,2,53.9,-0.27,1.13,1,8,0
6.5,65.1,59.3,77.6,1.1,1,51.7,0.39,2.66,0,7,0
8.3,48.6,34.6,56.3,8.1,4,31.5,-1.44,3.5,0,3,0
10.3,70.4,79.2,79.2,0.0,6,94.2,1.79,3.45,0,3,0
0.0,19.9,53.2,41.3,7.0,1,35.6,-1.23,2.38,1,5,1
3.1,60.3,34.3,44.3,3.4,4,43.7,-0.36,2.95,1,8,0
6.1,45.4,68.1,9.8,3.6,2,38.9,-0.87,2.49,1,1,0
11.6,85.6,72.5,100.0,2.7,5,100.0,0.85,3.5,0,5,0
6.5,50.2,71.1,69.9,4.4,5,48.8,0.1,3.49,0,5,0
2.5,59.5,38.8,29.2,6.4,1,68.2,-0.06,2.55,0,3,0
8.4,38.2,63.1,66.2,1.6,6,69.9,0.88,3.11,0,6,0
10.4,83.7,56.9,100.0,1.5,5,73.4,1.09,3.92,1,6,0
6.7,52.6,83.6,63.2,2.3,6,42.1,-0.41,2.35,0,2,1
5.4,15.4,53.0,17.7,1.9,2,35.4,-0.49,1.73,0,8,0
5.1,62.8,57.2,29.0,4.1,4,51.3,-0.42,1.66,0,1,1
9.2,34.6,72.3,100.0,1.1,4,69.3,0.72,3.7,0,1,0
6.7,72.3,63.5,77.9,0.0,13,87.2,0.85,3.22,0,8,0
8.8,51.7,63.0,68.0,5.7,6,39.4,-1.15,3.02,1,1,0
11.2,35.3,44.1,85.3,3.4,5,50.5,-1.39,2.79,1,2,0
12.3,66.1,65.9,62.0,0.9,4,40.7,0.95,2.39,1,1,0
10.8,65.7,58.5,80.8,2.5,3,80.6,0.4,3.08,0,4,0
4.1,79.1,71.3,41.6,1.1,4,61.3,0.57,3.59,0,8,0
4.3,100.0,49.5,65.3,2.3,3,97.8,-0.08,3.1,0,2,0
3.7,46.3,33.9,58.4,6.4,2,57.4,0.29,3.14,1,5,1
9.7,83.9,67.8,78.0,2.3,5,77.4,0.89,3.18,1,8,0
11.2,71.5,94.4,98.2,0.0,7,100.0,0.96,4.0,1,4,0
8.4,64.6,61.1,82.3,0.3,5,70.7,0.39,2.17,0,8,1
3.5,49.1,74.1,70.7,1.3,5,75.4,-1.05,2.78,1,6,0
7.3,40.4,59.8,43.0,6.1,2,17.5,-0.68,2.03,0,5,0
10.1,28.7,55.0,60.8,3.0,4,61.3,0.72,2.08,1,7,0
6.5,58.3,60.0,72.0,2.6,4,84.6,0.85,3.96,0,1,0
3.7,82.4,81.7,57.7,1.6,5,38.7,0.44,2.83,1,2,0
9.1,74.3,56.7,97.8,0.0,3,99.6,0.36,2.94,1,6,0
10.0,73.6,50.7,73.2,4.0,2,35.5,0.61,3.52,1,8,0
9.8,80.6,57.9,69.4,0.0,4,52.8,1.43,3.5,1,4,1
6.6,55.3,68.3,56.6,2.4,4,0.0,-0.51,3.1,1,2,0
9.3,74.2,88.1,63.8,0.0,6,88.2,1.03,2.66,0,7,1
8.9,62.9,90.4,65.4,0.2,9,38.0,0.51,2.78,1,7,0
8.7,64.7,53.5,66.1,4.8,6,43.8,0.08,3.82,1,2,1
3.6,22.2,28.5,37.9,6.8,1,44.1,-1.52,2.54,1,8,1
11.1,91.5,70.9,81.7,3.7,9,78.4,1.33,2.85,1,6,0
3.4,57.1,49.5,52.8,4.7,3,49.8,0.47,3.11,0,8,0
11.8,33.6,76.7,42.8,2.3,4,25.4,0.59,2.31,1,8,1
2.8,35.5,100.0,76.3,4.1,5,55.1,-0.69,3.58,0,2,1
3.7,26.9,33.8,64.2,6.5,0,49.2,-1.51,1.11,0,5,1
4.2,51.8,56.3,55.0,2.1,3,54.4,0.65,2.6,1,2,1
9.9,67.2,78.1,80.5,1.7,11,100.0,1.45,3.6,1,1,0
12.5,89.2,86.0,100.0,1.0,5,67.3,0.31,2.94,1,7,0
2.3,36.1,59.2,30.9,0.3,3,14.8,-0.18,2.24,0,4,1
6.9,70.9,54.1,84.6,3.0,4,69.4,-0.05,3.26,1,3,0
4.7,54.9,60.1,57.5,1.1,1,65.2,-0.88,2.12,0,8,1
11.8,71.7,87.9,67.2,4.0,6,70.4,-0.78,2.62,1,8,0
6.6,61.3,62.5,50.3,1.7,1,36.9,-0.28,2.62,1,2,0
10.7,69.8,78.3,75.0,2.4,7,23.7,1.45,2.87,1,4,0
11.4,63.4,81.4,91.3,1.9,2,54.5,1.47,3.09,1,7,0
14.1,42.3,81.2,56.4,0.0,5,81.0,1.25,3.26,0,8,0
14.6,84.6,93.3,73.4,0.7,9,82.6,1.23,3.0,0,5,0
6.1,31.7,62.3,54.7,4.2,1,64.0,-0.21,2.58,0,5,0
9.7,63.5,74.7,86.0,3.7,6,78.9,1.25,3.47,0,2,0
2.9,19.4,51.3,18.7,4.0,4,52.6,-1.88,2.79,1,6,1
11.2,67.7,74.4,65.7,3.5,4,86.3,1.15,2.69,1,8,0
10.9,100.0,65.3,50.1,2.9,4,71.7,-0.16,2.97,0,7,0
6.0,66.2,66.5,57.5,3.5,7,63.4,-0.35,3.35,1,6,0
7.7,37.4,54.9,48.6,4.5,9,0.0,0.15,1.96,0,2,1
8.3,39.4,35.3,62.0,2.8,6,37.6,0.26,2.73,0,6,0
5.6,43.5,79.7,37.5,0.1,4,55.8,-0.02,3.17,1,1,1
4.1,14.5,55.3,50.4,7.4,3,33.7,-0.42,1.0,1,3,1
4.8,21.6,58.0,41.8,5.2,3,27.7,-0.14,2.29,0,6,1
9.0,73.1,84.2,70.5,1.7,4,87.4,0.3,3.43,1,8,0
2.8,49.0,50.4,65.2,4.8,0,29.8,-0.34,2.47,0,2,0
2.2,54.3,54.9,80.9,3.7,2,75.6,1.18,2.61,0,2,0
6.8,72.4,83.2,63.6,0.3,5,51.2,0.24,3.28,0,1,0
5.0,45.1,51.1,54.1,2.0,3,48.1,-0.09,3.44,0,5,1
5.5,21.2,36.3,41.8,6.5,0,29.8,-0.48,2.74,1,6,0
7.1,31.7,63.2,47.0,3.1,6,43.0,-0.31,2.37,0,3,0
8.1,39.2,69.2,43.0,3.4,3,80.7,0.55,2.23,0,5,1
6.5,81.4,90.2,81.6,3.9,3,71.2,1.6,3.7,0,2,0
8.6,100.0,65.9,80.9,0.8,10,80.4,0.9,3.1,0,3,0
7.1,51.1,70.6,74.9,0.1,5,55.1,-0.11,2.94,1,2,1
2.8,20.0,25.5,60.4,4.9,0,25.1,0.16,2.23,1,7,1
10.4,87.8,96.1,88.5,0.0,5,89.0,1.09,4.0,0,8,0
9.4,61.9,87.2,61.5,0.0,7,63.9,-0.64,3.83,1,1,0
9.4,60.0,68.5,58.4,4.4,2,54.8,1.12,2.93,0,8,0
4.5,46.4,55.8,64.5,2.2,7,75.8,0.68,2.65,0,7,1
6.3,56.8,62.9,71.2,0.0,6,73.6,1.37,2.61,0,1,0
5.1,36.5,45.2,39.4,4.3,1,22.2,0.32,3.47,1,5,1
4.4,43.4,39.4,22.3,4.3,1,40.6,1.02,2.33,0,4,1
9.3,77.3,63.0,74.9,6.5,7,50.7,-0.52,3.32,1,7,0
11.1,89.5,76.2,75.9,0.9,5,93.7,0.51,3.74,0,5,0
12.4,58.4,51.6,91.1,4.4,4,66.0,-0.05,2.84,0,7,0
0.5,49.5,52.9,40.3,5.2,3,61.1,-0.93,2.17,1,3,1
4.6,38.4,43.1,25.4,3.6,0,14.8,-1.01,1.39,0,1,0
5.0,32.9,69.1,39.1,4.6,3,37.7,-0.9,3.01,0,5,1
4.1,56.8,60.4,68.4,2.2,6,42.0,-0.58,2.94,0,1,1
0.5,39.1,32.4,40.7,2.0,4,48.0,-0.85,3.37,1,4,0
6.7,84.9,86.1,68.7,0.6,8,46.1,0.43,3.13,0,5,0
7.8,40.4,61.3,57.2,2.5,4,48.7,0.15,2.35,0,1,0
9.6,33.0,75.5,46.4,2.8,4,55.7,-0.38,2.31,0,2,0
10.4,87.1,100.0,94.9,1.1,9,84.5,1.38,3.41,1,6,0
3.9,62.0,68.3,60.7,2.6,4,57.5,-1.32,1.89,0,8,0
3.8,71.4,45.2,65.9,2.8,2,55.0,-2.16,2.92,1,4,1
5.7,41.8,76.4,60.4,0.0,6,28.9,-0.29,2.8,1,6,0
5.7,43.9,58.0,34.8,0.8,4,46.9,-0.39,3.62,1,8,1
11.5,84.9,73.2,45.7,2.1,4,57.4,-0.48,2.21,1,2,0
0.1,51.6,44.5,17.2,7.8,2,26.6,-1.52,2.82,1,6,1
5.3,43.5,36.3,39.6,5.2,3,36.6,-1.06,1.93,1,3,0
10.2,20.6,69.6,54.9,1.4,3,78.6,-0.89,2.85,0,4,1
7.8,37.8,50.6,37.1,6.5,4,51.7,-0.82,2.12,0,1,1
6.8,56.8,99.1,76.8,1.6,5,81.3,-0.19,3.47,0,2,0
6.7,100.0,72.7,95.7,0.0,4,44.2,-0.43,2.28,0,3,0
10.0,48.6,63.4,62.9,1.5,7,86.3,-0.76,2.99,0,7,0
4.8,63.9,40.3,33.3,5.9,1,92.0,0.85,2.49,1,2,0
13.9,80.0,100.0,100.0,0.0,10,100.0,0.87,4.0,1,4,0
9.8,46.9,51.4,57.7,0.0,2,58.7,1.25,2.09,0,6,0
5.9,70.4,73.9,68.2,6.3,3,99.1,-0.09,2.91,0,8,1
5.0,60.2,81.1,77.1,3.6,4,54.0,-0.23,2.53,0,2,0
6.8,57.4,77.3,64.7,0.4,3,82.9,0.92,2.49,0,2,0
9.9,72.9,72.2,62.9,1.4,5,69.7,1.01,2.81,0,7,0
5.2,87.9,73.1,70.4,2.5,4,63.6,-0.33,2.98,1,5,0
4.9,18.3,25.0,35.1,4.3,1,0.0,-1.28,2.35,1,1,1
11.8,100.0,100.0,74.4,4.0,4,93.2,0.98,3.54,0,7,0
5.3,21.9,53.3,71.7,4.4,2,31.8,-1.91,1.68,0,8,1
4.6,37.0,52.9,76.5,3.7,3,60.0,1.0,2.15,1,2,1
8.5,69.0,63.3,62.8,2.1,7,74.8,1.1,3.45,1,8,0
8.0,46.9,75.5,54.8,1.8,5,62.9,-0.79,3.16,1,5,0
4.1,34.7,29.6,41.0,6.0,4,41.7,-1.29,3.14,1,8,1
10.9,73.0,58.5,85.7,3.4,7,95.8,0.68,3.18,0,6,0
5.7,43.3,65.8,89.8,0.0,5,64.5,0.49,3.46,0,1,0
5.7,82.4,74.0,62.9,2.8,8,54.0,0.89,3.15,1,4,0
7.1,43.8,64.8,48.5,7.6,2,45.0,-0.76,3.03,1,8,1
6.3,83.1,73.7,61.9,0.9,3,75.2,1.92,3.51,1,4,1
8.5,92.4,77.7,89.9,2.1,2,64.3,0.78,3.73,0,5,0
5.4,70.0,54.1,67.1,6.0,2,50.6,-0.53,1.46,0,5,0
9.5,38.3,75.5,37.0,0.4,3,71.2,0.39,2.82,0,4,0
7.0,45.3,60.5,79.1,0.9,3,74.5,0.76,3.0,0,3,0
8.4,59.1,36.1,27.0,1.0,1,29.7,-0.59,2.98,0,6,0
5.9,79.5,70.4,56.8,1.9,7,67.0,1.74,2.8,1,1,0
13.9,77.7,76.0,100.0,2.2,8,88.6,0.86,3.3,0,1,0
9.3,48.2,58.0,71.3,4.3,3,33.2,-0.76,3.18,0,5,0
7.2,76.4,82.7,77.6,4.2,2,67.0,0.39,3.72,0,6,0
5.6,86.8,85.5,77.6,1.7,10,46.1,1.53,3.47,1,1,0
7.9,26.9,36.3,51.7,0.9,4,52.1,0.19,3.29,1,3,0
3.6,45.0,29.8,29.7,2.1,2,57.1,-1.52,2.59,1,1,1
1.9,52.3,40.3,37.5,2.4,2,64.6,-1.59,2.16,1,5,1
13.9,82.6,85.8,89.6,2.1,5,100.0,0.58,2.68,0,7,0
7.1,75.6,71.7,74.1,6.1,4,65.2,1.11,3.7,0,2,0
4.7,51.9,59.6,66.6,2.8,5,59.2,-0.51,2.44,1,2,0
4.3,65.9,57.4,46.3,6.0,5,42.4,-1.3,2.56,1,5,1
0.9,70.4,71.5,50.9,2.1,5,93.3,-0.45,3.61,0,2,0
10.1,100.0,96.9,98.9,0.0,8,99.4,1.67,3.3,0,7,0
5.8,36.6,77.0,37.8,0.6,3,67.8,0.57,2.88,0,6,0
13.6,100.0,99.6,100.0,0.0,10,76.1,1.7,3.58,0,1,0
11.6,58.3,73.1,91.8,1.5,7,9.8,1.23,3.17,1,7,0
4.1,29.8,61.3,42.9,5.1,0,9.4,-1.2,1.79,0,5,1
8.5,81.6,68.0,61.3,1.1,7,29.6,-0.02,3.89,1,7,0
9.7,55.7,51.4,71.6,3.3,14,46.1,0.44,3.03,0,7,0
4.8,83.3,89.3,62.3,5.1,4,88.1,0.13,3.2,1,5,0
5.6,72.6,63.8,66.2,2.2,7,35.1,0.69,2.42,0,5,0
6.2,34.9,46.2,21.4,6.4,2,11.7,0.13,2.43,1,2,0
8.0,35.1,45.0,58.0,0.0,3,35.4,0.29,2.83,0,4,0
6.0,41.6,80.5,56.5,0.0,4,94.4,0.13,2.64,1,2,0
7.6,43.4,48.1,52.2,4.8,5,50.6,0.94,2.83,0,5,0
6.8,36.2,57.7,95.8,1.9,5,75.1,-0.13,3.1,0,1,0
9.2,83.2,53.4,71.5,6.4,4,71.6,1.12,3.09,0,6,0
4.6,21.6,45.4,10.7,4.3,3,0.0,-0.59,2.11,1,4,1
6.1,82.5,82.8,75.3,0.0,9,100.0,1.4,3.96,0,8,0
11.4,68.2,55.9,87.1,5.2,8,78.8,0.39,2.72,0,5,0
12.8,77.9,82.2,75.9,2.4,5,79.5,0.06,2.92,1,8,0
3.5,52.1,55.1,37.5,6.5,1,79.1,-0.16,2.71,1,7,1
12.6,62.8,73.0,99.4,0.5,4,67.2,0.8,2.34,0,6,1
2.9,80.2,48.5,74.3,2.8,6,64.2,-0.0,2.31,0,8,0
7.3,41.8,62.7,49.6,1.3,2,47.4,-0.2,3.69,1,8,0
5.6,44.0,39.0,11.1,0.0,2,67.0,-0.89,3.4,1,2,0
4.1,20.3,61.3,57.8,5.2,3,58.1,-1.04,2.23,1,7,1
8.1,78.2,61.5,69.4,1.4,6,69.2,-0.04,3.58,0,8,0
7.3,67.1,67.5,74.8,1.3,1,31.4,-1.06,3.22,1,3,1
7.1,97.8,87.8,75.8,0.0,4,80.6,0.75,3.96,0,5,0
10.4,63.6,68.0,62.5,2.7,3,44.2,0.64,3.02,0,1,0
1.6,24.1,54.0,38.8,4.8,0,50.2,-0.17,2.43,0,3,1
8.9,27.4,49.4,77.4,2.1,2,25.2,1.1,3.19,1,3,1
7.9,29.6,45.3,61.6,1.7,5,81.5,-0.41,3.09,1,2,1
5.2,61.1,65.1,47.1,4.6,5,75.9,0.54,1.99,1,2,0
6.9,53.1,47.4,82.7,0.0,4,41.7,0.23,3.94,0,6,0
4.2,15.5,37.9,40.0,5.2,5,32.2,-0.8,3.61,1,4,1
12.7,45.4,52.6,75.9,2.9,1,55.3,0.64,2.24,0,5,0
4.8,69.3,80.1,78.2,0.0,4,69.7,0.82,3.28,1,6,0
4.5,58.5,42.9,77.0,0.0,1,74.0,-0.63,3.68,0,4,0
4.3,40.7,61.5,76.1,3.4,7,86.9,-0.01,3.62,0,4,0
6.8,53.7,44.2,98.0,0.6,3,46.4,-0.37,3.31,0,3,0
6.1,65.5,61.6,65.5,5.6,7,84.5,-0.21,2.3,0,2,0
2.6,24.2,43.5,46.4,8.4,3,58.1,-0.04,2.73,1,7,1
14.9,100.0,95.3,80.2,1.7,5,81.1,0.54,3.77,0,3,0
2.0,29.0,30.3,48.0,3.9,3,38.0,-1.07,2.76,1,8,1
5.0,17.8,46.3,56.4,3.0,4,74.7,-0.2,2.09,0,5,0
2.7,29.8,62.0,57.5,0.8,4,55.8,-0.63,1.79,1,8,0
4.2,63.1,65.2,57.6,3.0,2,68.0,-0.67,2.51,1,4,0
14.4,53.1,56.9,57.6,1.6,8,100.0,1.12,2.79,0,4,0
0.0,7.6,37.0,36.9,3.5,2,37.9,-1.46,2.01,0,5,1
11.1,81.9,99.9,68.7,2.4,7,79.6,0.5,3.11,1,6,0
14.1,65.8,53.6,77.2,2.6,2,88.4,-0.92,2.98,0,4,0
7.4,39.1,27.0,39.4,5.3,4,78.6,-0.73,2.16,0,8,0
4.2,41.6,39.9,22.4,3.2,2,27.4,-1.5,2.35,0,2,1
5.1,52.2,67.4,52.5,3.5,5,60.9,-0.29,2.38,0,2,1
11.6,55.4,60.3,53.6,2.2,6,47.9,-0.85,3.4,0,4,0
7.8,54.8,65.5,44.3,4.7,4,53.3,-0.92,2.74,0,5,0
1.8,30.9,57.5,40.9,3.2,2,64.6,-0.37,2.02,1,7,1
2.2,51.1,33.1,36.0,8.1,3,14.3,-1.11,2.84,1,3,1
7.4,97.1,74.6,78.6,0.0,9,99.9,0.56,3.09,1,4,0
0.0,36.5,52.5,69.0,4.1,3,48.1,-0.24,3.46,0,1,1
4.7,82.7,76.8,73.4,4.1,5,53.0,-0.11,3.21,0,2,0
3.5,30.9,36.1,33.2,1.9,1,53.4,-0.92,2.72,0,1,0
6.7,63.2,38.3,69.5,7.2,4,34.6,-0.5,2.66,1,7,0
2.4,30.6,53.3,24.1,4.5,2,7.7,-0.74,2.51,1,1,0
11.5,59.9,65.1,84.6,2.0,8,77.9,0.14,3.59,0,8,0
11.7,65.3,57.6,78.4,2.6,2,68.6,0.24,4.0,0,1,0
6.6,17.3,82.3,55.7,4.6,4,78.2,0.44,3.41,0,7,1
7.6,77.6,76.7,87.5,2.5,4,80.6,0.66,3.35,0,4,0
8.4,47.4,65.4,73.7,2.8,5,28.8,0.08,2.3,0,4,0
8.9,82.9,70.6,58.9,3.6,4,93.7,1.18,2.04,0,1,0
5.5,94.5,70.4,81.3,3.8,4,100.0,0.54,3.2,0,4,0
2.5,20.1,38.3,43.6,5.1,0,51.8,-0.99,1.87,0,1,1
7.3,35.9,51.7,68.8,0.3,4,68.0,-0.37,2.32,1,1,1
10.6,72.5,57.3,73.5,0.6,5,55.2,0.18,2.92,0,6,0
8.6,42.5,56.9,67.2,5.3,1,43.8,-0.74,3.09,0,3,1
5.8,60.4,43.9,42.5,3.1,3,48.0,-1.62,2.22,0,6,1
12.1,54.7,73.1,68.7,0.9,3,83.4,0.52,3.61,0,7,0
6.1,62.8,51.4,45.9,4.5,4,60.8,0.03,2.56,1,3,0
7.2,53.3,56.3,41.2,3.2,3,52.3,-0.5,2.99,0,8,0
9.8,53.6,56.5,75.9,2.7,4,41.9,0.43,3.67,0,3,0
6.3,52.3,55.3,29.5,5.4,6,14.5,-1.59,2.54,0,5,1
9.4,57.0,31.0,61.3,0.6,4,63.9,-0.53,2.73,0,2,0
5.8,83.1,78.9,68.7,0.0,8,61.7,1.44,3.47,1,4,0
3.1,20.7,38.0,47.3,6.6,1,40.5,-0.22,3.48,0,8,0
6.0,56.0,62.6,79.3,0.0,5,95.2,0.06,3.06,0,3,0
7.6,56.9,29.3,51.7,0.0,1,69.2,0.19,3.15,0,2,0
7.8,17.5,48.9,45.2,3.8,2,39.2,-0.17,2.18,0,2,0
0.4,43.1,32.8,44.9,4.4,1,47.9,-1.77,2.17,0,6,1
7.2,32.8,45.1,37.4,2.7,4,69.6,0.29,2.28,0,4,0
0.8,21.2,46.0,55.4,3.7,1,7.6,-1.06,2.05,1,6,1
17.0,100.0,64.6,100.0,0.0,4,77.7,1.55,4.0,0,5,0
5.3,55.7,76.1,100.0,3.1,7,68.5,0.19,3.04,1,1,0
8.0,34.0,65.5,52.9,0.1,1,34.2,0.8,1.97,0,3,0
8.4,56.9,60.1,60.0,3.2,1,47.4,-0.22,2.81,0,7,0
7.5,68.0,52.2,59.7,3.7,5,23.0,-1.04,3.23,1,5,0
6.8,71.5,74.1,85.6,3.1,10,87.2,0.77,3.88,1,7,0
3.9,27.2,58.8,85.5,3.4,0,44.9,0.66,2.21,0,4,0
9.9,63.5,70.2,68.1,0.7,1,59.4,0.65,3.41,0,5,0
11.7,60.6,89.0,83.7,1.0,3,71.9,0.55,4.0,0,8,0
8.0,60.9,49.0,36.0,2.0,2,57.4,0.11,2.28,0,6,0
6.1,22.9,44.6,68.7,1.3,3,0.0,-1.16,2.13,1,8,0
5.9,91.3,69.6,73.2,2.4,4,83.4,1.01,2.78,0,2,0
4.2,56.3,73.5,29.7,0.7,4,59.6,0.48,4.0,1,5,0
6.7,54.1,75.4,37.1,2.4,5,73.5,-1.42,2.4,0,3,1
7.8,40.5,71.7,80.6,1.6,4,49.5,-0.11,3.07,0,7,1
7.5,58.6,79.3,55.9,0.0,7,77.4,0.59,3.64,0,5,0
5.6,42.9,50.9,49.6,1.3,1,67.1,-0.41,2.18,1,8,1
6.5,33.5,43.8,18.7,3.6,1,39.5,-0.81,1.81,0,5,0
9.1,83.7,67.3,85.2,0.0,4,62.8,0.72,3.38,1,2,0
5.0,74.0,64.8,71.2,4.7,6,45.7,0.73,4.0,0,7,1
4.3,22.0,29.3,34.1,7.6,0,36.8,-0.93,1.91,0,6,1
7.4,63.5,78.8,59.0,3.8,4,74.7,-1.14,2.99,0,5,1
4.3,50.8,36.0,56.3,4.8,5,44.5,0.45,1.81,1,7,0
4.6,47.8,57.4,46.6,3.6,3,46.9,-1.51,2.82,0,2,0
7.2,36.9,56.0,55.7,0.9,2,57.2,0.43,3.23,0,3,1
4.3,45.7,64.6,53.5,4.5,4,55.0,-0.99,2.56,0,3,1
12.9,51.5,84.1,84.9,3.7,5,77.0,1.83,3.9,0,1,0
3.5,17.2,34.0,68.5,3.6,5,49.0,-0.98,1.99,0,6,1
6.4,39.0,83.0,71.1,2.1,4,71.8,0.55,2.19,1,1,0
7.9,57.5,49.7,40.9,1.3,2,78.2,-1.29,3.06,1,8,0
2.9,58.0,58.3,34.1,3.1,2,63.6,-0.08,3.55,0,2,0
7.0,53.3,51.9,69.9,0.0,4,74.0,0.68,2.62,1,1,0
4.6,45.9,62.5,54.7,1.9,3,72.3,0.52,3.1,1,1,0
0.0,49.4,65.3,58.4,4.9,4,21.9,-0.11,3.05,0,4,0
10.0,59.6,68.1,51.8,2.7,4,66.7,0.5,3.14,0,1,0
9.6,56.7,62.0,58.8,3.4,3,61.7,-0.2,2.13,1,8,0
8.8,86.8,97.9,96.8,0.0,10,48.2,0.22,3.45,0,6,0
6.4,54.1,68.4,62.1,2.2,4,74.2,0.07,3.89,0,8,0
3.6,52.8,72.0,76.6,3.5,6,47.7,1.0,2.85,1,8,0
1.0,43.3,66.5,58.0,3.0,6,38.4,-0.64,2.91,0,5,1
12.3,56.3,65.3,84.9,3.4,6,70.9,-0.26,3.01,0,3,0
1.8,60.6,55.3,68.6,2.7,5,55.4,-0.65,2.81,1,1,0
0.0,35.0,41.2,7.6,5.4,0,6.6,-0.63,2.35,0,7,1
7.8,56.6,43.7,81.0,0.7,4,73.3,-0.17,2.97,1,2,0
8.6,84.7,86.3,42.7,3.3,7,69.3,0.68,2.92,0,7,0
6.7,43.6,65.7,72.6,4.8,3,85.2,-1.46,2.93,0,4,0
5.5,53.7,61.5,59.2,2.0,3,53.1,-2.15,2.96,0,7,0
6.2,62.7,78.7,70.0,0.0,4,68.2,0.17,3.28,1,7,0
0.1,14.9,49.1,60.6,3.7,3,16.1,-0.36,2.03,1,4,1
7.7,88.4,72.4,95.2,0.0,4,51.1,-0.48,3.0,1,3,0
6.7,59.7,45.1,77.3,3.8,2,71.2,0.41,3.95,0,3,0
6.5,99.2,77.6,85.6,0.0,9,65.3,1.73,3.73,0,2,0
7.3,51.4,67.2,71.8,3.2,4,83.8,0.54,3.18,0,2,0
5.4,52.2,66.4,71.0,0.0,3,84.1,0.39,2.05,0,6,0
3.4,34.9,53.1,57.1,1.9,5,62.3,-0.34,2.1,0,8,0
8.1,56.1,54.6,79.9,0.3,6,80.7,0.32,2.94,0,6,0
10.9,91.9,85.3,76.3,2.3,2,77.0,1.03,3.53,0,2,0
6.5,40.3,64.6,40.0,0.0,3,34.2,0.54,2.27,0,4,0
8.5,16.6,67.5,26.6,3.2,3,40.4,-0.89,2.49,0,8,0
6.7,71.8,68.0,94.7,0.5,7,69.8,0.78,2.81,0,8,0
6.9,75.7,71.6,65.9,3.0,8,40.0,-0.37,3.77,0,4,0
10.1,42.3,50.5,58.9,2.8,3,58.3,0.1,2.53,0,2,0
2.6,40.3,85.5,34.9,0.9,4,77.1,-0.11,3.01,0,1,0
6.9,72.8,78.6,82.5,0.0,6,52.9,1.38,3.15,0,7,0
4.4,54.7,52.3,35.2,1.7,1,75.8,0.6,2.55,0,6,1
11.6,40.7,53.2,52.9,0.4,3,76.3,0.36,2.42,0,1,0
2.7,47.6,56.1,62.1,1.2,1,52.3,0.17,2.71,0,2,0
7.5,40.0,56.5,49.0,2.3,3,50.3,-0.96,2.01,1,2,1
6.5,54.3,40.4,58.1,4.6,3,51.4,-0.68,2.98,0,4,1
8.9,52.3,100.0,82.5,0.0,4,89.2,1.4,3.7,1,1,0
14.8,60.9,72.6,59.6,0.0,9,54.4,0.21,3.36,0,6,0
9.1,62.8,88.3,97.0,0.8,3,68.8,1.6,3.56,0,3,0
5.5,43.6,69.5,58.2,3.3,0,44.0,-1.74,2.3,0,8,1
9.7,54.6,68.7,64.3,1.5,3,100.0,0.69,3.32,0,3,0
8.9,54.5,76.7,65.6,1.1,3,72.4,0.53,2.81,0,5,0
11.7,58.3,51.9,61.8,2.6,6,49.3,-0.62,3.44,1,6,0
13.8,93.0,69.7,84.3,2.1,4,70.9,-0.02,3.14,1,3,0
8.5,62.0,100.0,87.1,0.0,9,69.6,0.72,3.49,0,1,0
11.3,57.8,49.8,31.4,5.1,3,43.1,-1.15,2.54,0,4,0
6.6,82.6,72.2,70.7,1.8,3,82.6,1.19,2.77,0,7,0
10.7,85.8,67.6,80.1,3.4,2,67.6,2.32,4.0,0,1,0
7.4,100.0,76.9,100.0,1.5,6,72.7,0.77,3.87,1,1,0
11.1,57.5,64.8,100.0,0.0,3,56.7,-0.02,3.21,1,3,0
8.6,90.1,92.9,87.5,0.0,7,59.8,-0.22,3.09,0,2,0
5.1,51.1,74.1,58.8,4.4,8,84.2,-0.42,3.64,1,5,0
11.3,65.0,79.8,81.2,0.3,8,68.6,-0.04,2.86,1,3,0
9.6,40.9,35.6,30.9,3.0,4,46.3,0.5,2.79,1,8,0
11.8,56.1,69.3,62.0,1.0,13,65.5,2.19,4.0,0,3,0
2.4,23.3,53.3,32.7,5.8,2,56.0,-0.63,2.27,0,3,1
13.0,40.0,79.8,84.3,1.7,4,57.6,-0.04,3.54,0,5,0
4.0,57.1,79.2,29.9,1.0,2,18.1,-1.23,2.65,1,4,1
13.1,34.9,39.2,64.6,1.8,6,88.0,0.51,3.34,1,6,0
7.1,48.7,59.4,52.5,5.6,3,66.0,-0.14,2.5,1,3,0
6.5,27.3,82.5,54.4,1.5,6,56.7,-0.22,2.39,0,4,0
10.9,69.2,77.5,80.4,0.0,2,99.0,0.66,3.7,1,4,0
9.0,79.3,75.3,80.6,3.3,4,100.0,1.3,3.03,0,7,0
3.0,41.1,57.8,28.5,1.8,2,32.7,-0.1,1.31,0,1,0
6.0,65.1,46.0,99.7,0.0,7,48.5,0.84,2.8,1,2,1
8.2,87.1,77.4,60.8,0.0,6,83.3,0.73,3.13,0,5,0
10.8,56.3,57.4,68.4,2.8,2,36.4,0.08,2.51,1,2,0
6.2,92.1,100.0,89.2,2.3,5,75.5,0.21,3.46,0,4,0
10.8,41.8,62.3,75.4,3.3,3,54.8,0.41,2.59,0,4,0
6.0,27.4,46.3,65.1,1.2,3,60.6,-0.08,2.63,0,5,0
7.5,42.5,64.5,29.0,5.1,3,39.2,-0.02,3.72,1,2,0
9.9,60.6,72.7,53.9,3.8,5,84.3,-0.75,3.66,0,7,0
11.3,56.2,84.3,77.7,2.7,8,57.2,0.69,3.56,0,1,1
6.4,46.2,81.8,65.4,0.8,3,65.9,-0.34,3.68,1,2,0
6.2,68.9,50.3,75.2,1.9,4,39.4,-0.75,2.69,0,3,0
7.2,35.0,72.0,41.7,4.2,4,54.3,-0.05,2.51,0,7,1
3.7,21.1,81.2,44.4,4.2,1,34.8,-0.06,2.25,1,2,0
3.6,26.1,51.1,51.7,0.8,2,54.5,1.32,3.47,0,4,0
4.9,79.8,49.3,90.4,6.6,3,75.3,0.07,3.71,1,5,1
4.7,55.4,46.3,65.2,3.8,1,39.8,-0.91,2.81,0,3,1
15.0,70.7,77.6,80.6,3.2,6,99.4,0.7,4.0,0,4,0
10.9,93.8,100.0,100.0,0.0,5,81.8,0.21,2.22,0,2,0
10.6,48.9,44.3,44.6,3.7,5,39.1,0.4,3.81,0,5,0
9.4,81.5,71.3,83.7,0.0,7,67.5,0.44,3.04,1,3,0
3.7,24.0,41.6,28.0,3.9,1,54.8,-0.31,3.7,0,8,0
8.3,28.5,55.3,57.8,4.3,2,13.1,-1.01,3.49,0,2,1
1.7,42.2,62.6,47.6,5.8,0,36.7,-0.65,2.45,0,8,1
6.4,23.8,77.5,49.4,1.8,2,32.4,-0.86,2.5,0,3,0
4.8,64.0,73.3,79.1,0.0,5,43.5,-0.06,3.18,0,1,0
2.5,49.5,66.2,49.5,3.6,5,62.7,-0.09,1.82,1,1,0
8.2,65.7,67.3,66.0,2.0,1,80.6,-0.39,3.34,0,7,0
12.2,74.4,72.5,71.4,0.8,4,77.5,0.12,2.07,0,5,0
12.0,54.0,86.3,75.7,0.8,3,34.0,0.0,2.78,1,1,0
3.1,35.9,67.8,31.1,3.4,1,33.0,0.15,3.33,1,4,0
12.6,53.4,75.8,59.7,1.8,2,62.4,0.99,3.6,0,2,0
9.0,43.7,53.0,73.9,5.4,4,52.9,0.12,1.91,0,3,0
9.6,99.6,82.0,50.8,0.0,9,81.4,1.22,2.93,1,3,0
9.8,46.0,62.9,48.5,0.3,6,62.1,-0.45,2.48,1,8,0
6.6,56.8,46.9,42.4,4.9,1,57.5,0.01,2.44,0,8,1
8.8,58.8,70.5,61.1,0.0,2,57.1,-1.29,3.15,0,6,1
12.8,64.7,70.3,57.7,1.1,6,76.1,0.35,3.27,1,1,0
12.9,74.9,68.6,66.4,6.0,4,73.4,1.27,2.95,0,3,0
0.6,37.9,42.7,73.8,2.6,2,100.0,-0.32,3.01,1,3,0
4.8,59.0,57.7,58.6,5.5,1,47.7,-1.16,2.72,0,2,1
0.4,48.2,33.9,39.4,0.5,3,52.4,-0.66,2.66,1,8,1
4.0,29.1,39.6,13.5,5.6,0,67.0,-1.27,3.53,1,8,1
8.4,88.3,63.4,74.4,1.4,4,66.4,0.58,3.47,0,5,0
4.6,57.9,42.5,59.2,3.7,6,39.8,0.34,3.22,0,6,1
5.9,44.1,74.4,62.2,3.1,7,90.7,0.63,4.0,0,3,0
8.0,64.6,73.6,48.0,0.6,5,96.9,0.78,3.74,1,1,0
5.2,58.9,49.4,52.0,4.1,3,53.8,0.22,2.45,1,1,0
9.3,96.3,100.0,91.4,0.0,6,100.0,1.17,4.0,0,6,0
3.2,62.0,11.0,49.9,4.6,1,29.7,-1.44,1.97,0,5,0
9.4,61.8,57.2,67.8,3.3,8,80.2,-0.7,2.57,0,3,0
8.5,80.2,68.2,68.0,0.6,3,99.6,0.72,2.86,0,3,0
9.5,40.7,42.2,68.7,1.1,2,54.5,0.38,3.38,0,3,0
5.5,32.1,82.1,36.6,2.4,4,56.9,-1.28,2.96,0,8,0
12.7,53.2,100.0,64.0,3.4,8,97.8,0.85,4.0,0,5,0
3.9,44.5,41.4,46.0,5.6,0,35.7,0.12,2.79,1,1,0
14.1,75.7,79.1,87.3,4.1,1,44.5,-0.01,3.04,0,3,0
6.2,53.2,59.1,73.7,6.6,2,69.0,0.45,2.71,0,8,0
10.0,48.6,76.3,35.6,3.3,9,55.9,0.54,3.0,1,6,0
2.9,57.0,48.3,40.7,4.2,1,33.2,-0.67,2.18,0,3,0
9.7,100.0,88.8,100.0,0.0,6,84.2,0.7,2.95,0,6,0
4.4,28.7,68.5,39.3,1.8,4,53.8,-0.68,2.3,0,7,0
11.3,5.5,67.2,74.6,4.6,1,17.0,-0.37,2.83,0,6,0
7.8,69.7,71.8,86.0,3.9,5,79.2,-0.38,2.82,0,4,0
4.9,70.8,50.8,80.0,0.2,5,64.4,-0.83,3.95,0,2,1
8.9,22.5,46.0,47.2,3.2,6,78.6,-1.68,2.88,0,5,0
5.6,56.9,32.0,46.5,7.7,5,43.8,-0.37,2.69,0,2,1
6.8,52.2,73.7,51.0,2.4,3,84.4,1.3,2.66,1,8,0
3.8,48.6,56.0,63.8,6.4,3,46.0,-1.59,3.06,0,5,1
9.9,52.6,74.9,48.6,2.7,3,70.6,0.28,2.59,0,7,0
11.0,49.9,69.7,68.9,3.3,3,71.5,0.2,3.3,0,2,0
9.8,44.0,53.1,92.2,0.6,6,100.0,0.1,2.82,1,8,0
6.0,66.3,67.2,72.6,0.0,6,36.3,0.8,2.99,1,4,0
3.8,40.6,65.8,72.9,4.5,4,61.8,-0.7,3.01,0,2,0
0.0,56.8,50.4,35.8,3.5,2,56.2,-1.24,2.27,1,8,0
4.3,52.9,60.1,45.2,3.0,1,54.6,-0.41,2.0,1,7,0
9.6,62.0,74.1,100.0,0.0,9,91.0,0.45,3.07,0,8,0
4.3,38.0,45.7,47.6,3.2,3,60.6,-1.96,2.87,0,3,0
5.3,51.2,43.1,40.1,2.0,3,60.2,-0.11,2.9,0,2,0
12.9,63.3,53.3,64.8,2.2,4,72.6,-0.97,2.5,1,8,1
8.7,80.9,84.8,57.7,3.0,3,56.2,0.07,3.97,1,2,0
7.1,62.4,74.3,100.0,2.7,5,77.7,0.56,4.0,1,1,0
7.9,55.1,50.3,66.7,3.7,2,34.7,-0.82,3.29,0,5,0
7.8,20.4,54.1,47.5,3.2,5,92.0,0.49,2.5,0,2,1
6.5,82.4,71.7,89.3,2.0,1,67.7,0.33,3.79,1,6,0
10.4,89.9,98.5,100.0,1.2,6,69.2,0.66,3.54,1,3,0
10.3,28.5,90.0,75.0,0.2,7,81.0,0.82,2.89,0,3,0
7.9,38.3,51.7,40.2,3.6,4,66.7,-0.22,2.55,1,5,0
0.0,23.4,40.5,46.3,5.4,3,28.2,-0.54,1.91,0,4,1
7.5,41.8,35.0,45.8,3.0,1,71.3,-0.77,2.33,0,5,1
12.2,58.4,60.6,69.3,0.2,5,62.7,-0.27,2.62,1,8,1
12.3,58.2,41.9,45.3,0.1,4,86.9,0.23,3.48,0,7,0
4.5,73.5,74.3,79.0,0.6,5,51.2,-0.45,2.96,0,7,0
5.3,41.2,71.4,36.8,1.0,5,62.3,0.16,2.2,0,7,0
10.7,66.6,78.8,96.2,6.8,5,82.8,0.83,3.84,0,8,0
12.1,75.9,85.8,80.1,0.0,4,59.4,1.21,3.51,0,3,0
6.3,49.0,47.7,63.8,2.8,2,30.0,-0.67,3.37,0,4,0
2.3,33.6,23.4,36.7,3.9,3,25.4,-1.38,2.45,0,4,1
12.2,78.4,89.0,96.0,3.5,11,100.0,2.13,3.03,0,8,0
10.9,93.6,93.1,99.7,1.5,13,53.3,1.05,3.5,0,8,0
11.7,97.8,100.0,79.0,2.1,4,85.2,1.35,2.92,1,7,0
3.9,28.4,81.4,29.6,3.6,1,55.0,-1.1,2.99,0,7,0
4.2,59.9,57.7,65.8,3.4,5,25.5,-0.23,3.39,0,1,0
7.8,51.7,59.5,51.9,4.5,3,26.7,0.17,1.67,1,7,0
15.4,67.7,81.3,58.8,0.3,5,60.9,-0.28,3.33,0,8,0
12.5,80.1,67.5,53.6,0.5,3,64.3,1.58,3.64,1,6,0
6.4,50.8,59.5,54.3,3.1,6,80.9,0.01,2.04,0,8,0
6.7,17.6,44.6,9.0,3.0,1,57.8,-1.2,2.15,1,2,1
6.3,42.8,66.7,79.5,2.7,5,57.4,0.45,3.08,0,8,0
10.8,84.6,96.4,71.7,0.0,3,59.1,1.28,3.89,1,6,0
8.5,85.8,81.1,85.8,0.0,3,48.4,0.21,3.7,0,6,1
9.2,72.2,78.5,40.8,0.6,6,44.9,-0.62,3.11,1,1,0
12.1,81.4,64.6,100.0,1.6,6,56.5,0.71,3.62,1,2,0
9.9,37.7,16.1,26.5,0.5,2,42.1,-0.27,2.31,1,1,1
5.4,55.4,51.6,48.7,7.1,3,51.2,-0.35,3.55,0,8,0
12.4,66.1,60.3,89.7,6.0,5,58.2,0.58,2.82,0,4,0
10.8,67.7,58.5,61.7,3.4,4,65.7,1.12,1.97,0,2,1
5.5,34.9,68.8,52.9,2.8,5,34.0,-0.3,1.7,0,8,0
5.0,9.5,31.0,53.6,3.0,2,30.0,-1.09,2.34,1,7,1
12.8,55.1,78.3,50.3,2.6,4,93.8,0.37,3.02,0,7,0
8.6,68.0,97.1,64.8,3.1,6,79.1,1.51,2.97,1,3,1
8.2,24.4,56.5,74.6,2.7,5,76.3,0.54,3.23,0,4,0
0.0,21.0,39.1,44.9,1.8,2,51.3,-0.16,2.83,0,7,0
10.9,98.8,100.0,78.0,0.4,11,100.0,0.72,3.9,0,5,0
8.2,78.7,60.3,93.4,3.6,8,86.4,0.28,3.32,0,4,0
6.0,53.8,71.7,75.9,0.0,6,74.3,0.71,2.53,0,3,0
7.2,65.9,85.4,92.1,0.0,5,79.2,1.56,3.14,0,8,0
5.2,64.3,80.4,91.9,2.5,6,65.5,1.43,3.77,0,7,0
8.8,69.2,74.9,60.0,0.7,10,63.7,0.1,3.54,1,1,0
8.6,58.8,42.6,48.4,3.0,4,61.0,0.23,2.79,0,2,0
6.8,100.0,68.9,85.3,3.4,4,78.6,1.86,3.85,1,1,0
10.0,36.8,75.2,65.3,2.2,6,39.6,-0.1,3.17,1,6,0
8.1,34.8,48.3,58.2,2.3,7,12.4,-0.81,3.49,0,7,0
12.2,20.6,71.8,24.9,2.5,4,90.2,-0.23,2.47,1,1,0
11.0,64.5,89.4,73.7,1.6,4,49.0,0.45,2.75,1,2,1
9.1,45.9,47.2,56.3,1.2,3,43.5,-0.27,1.97,0,1,0
9.4,70.8,79.6,40.5,1.6,5,89.3,-0.35,3.54,0,8,0
7.6,68.9,90.3,72.5,0.2,3,39.4,1.02,2.72,1,6,0
7.6,52.7,43.9,35.0,2.8,0,57.2,-0.88,3.26,0,7,0
13.1,51.1,93.2,76.1,0.4,0,100.0,0.41,3.56,1,8,0
11.4,82.6,91.2,84.6,1.4,6,100.0,1.02,3.45,0,3,0
9.9,27.0,72.0,32.4,5.9,3,47.1,-0.97,2.31,0,7,1
15.5,89.9,60.4,44.7,2.7,5,65.5,-0.63,3.55,0,8,0
8.5,59.2,92.9,79.6,2.3,4,59.2,0.07,3.12,0,6,1
9.1,47.4,64.6,65.5,2.4,6,69.2,0.94,3.37,1,8,0
11.5,80.1,96.3,87.5,0.0,8,100.0,1.25,4.0,0,7,0
8.5,66.5,68.3,71.4,3.6,7,40.1,-0.95,3.25,0,5,1
6.1,38.5,47.3,10.6,5.3,5,43.6,-0.11,1.77,0,2,1
10.3,96.0,67.6,76.4,1.3,3,74.0,1.22,3.71,0,1,0
4.6,36.0,32.1,42.4,4.7,3,63.7,-0.57,2.8,1,2,0
6.5,51.0,66.8,89.9,3.3,2,82.1,0.13,3.11,0,6,0
7.5,60.1,54.0,43.9,3.7,2,45.3,0.23,3.08,1,1,0
4.2,54.3,49.4,64.5,5.4,4,45.7,1.03,2.99,0,3,0
2.4,46.2,60.8,52.7,1.9,4,63.8,0.17,2.43,0,4,0
8.6,70.8,47.5,48.9,5.1,2,78.6,0.3,2.78,1,5,1
15.7,72.2,97.7,77.5,0.0,9,37.5,0.17,4.0,0,7,0
8.5,70.4,76.3,90.1,3.1,3,88.1,0.64,3.97,0,5,0
1.4,3.7,55.3,54.8,4.4,3,67.8,-0.25,2.34,0,8,0
11.2,72.1,65.9,51.2,1.1,6,58.6,-0.2,3.14,0,8,0
7.0,46.8,68.8,66.9,4.9,5,73.8,-0.34,2.41,0,2,1
6.0,52.4,29.6,25.1,0.6,3,58.6,-0.48,1.99,0,5,0
3.2,31.5,65.8,47.2,6.9,1,48.8,-1.06,1.93,1,1,0
11.2,88.9,88.9,83.4,5.4,5,99.5,1.53,3.8,1,6,0
14.6,84.8,79.6,100.0,0.6,7,84.7,0.73,3.79,0,3,0
6.6,41.0,57.1,64.8,1.0,5,51.9,-1.44,3.31,0,7,1
6.6,57.2,62.9,47.7,1.9,2,40.9,-0.45,2.66,1,6,0
3.8,78.1,67.8,57.5,4.4,2,64.3,0.1,3.54,0,3,1
8.5,78.3,66.9,58.8,2.3,2,88.2,0.21,3.14,0,7,0
4.3,61.0,78.3,55.3,0.0,4,36.5,0.09,4.0,0,7,0
9.8,37.2,50.3,58.6,3.5,4,68.9,-0.76,3.74,0,6,1
6.5,26.7,65.8,50.5,5.0,3,56.6,-0.17,3.46,0,8,1
6.1,60.9,52.4,72.8,4.5,2,73.6,-0.71,3.03,1,2,0
10.2,48.8,83.1,63.9,3.5,3,95.6,0.08,2.68,0,1,0
5.4,46.3,67.9,50.3,7.1,3,24.2,-1.22,2.58,1,5,0
7.5,30.4,43.9,74.1,4.0,5,22.5,-0.94,3.34,0,1,0
13.0,89.3,81.3,63.3,5.3,7,61.6,2.38,3.53,1,7,0
4.8,68.8,81.9,71.1,2.0,5,54.5,1.33,2.65,0,5,0
3.2,30.7,55.8,44.1,6.5,0,28.2,-1.42,2.46,1,7,0
10.7,97.5,86.6,73.0,1.7,4,74.5,0.44,2.7,1,7,0
7.6,87.8,75.0,82.1,5.5,6,61.2,0.51,3.0,0,7,0
0.0,32.9,32.4,21.0,6.0,0,16.4,-0.96,2.32,0,1,1
4.9,43.4,47.8,66.6,2.6,3,42.0,0.5,3.23,0,5,1
4.3,21.0,47.0,19.4,1.4,3,50.8,-0.65,2.07,1,5,0
0.0,53.4,63.3,91.6,3.0,4,58.5,-0.35,2.68,1,7,1
6.3,46.9,72.1,100.0,0.2,5,66.5,1.19,2.56,0,3,0
2.6,50.3,68.5,57.7,3.6,5,42.5,-0.74,2.84,0,4,0
7.5,50.3,55.6,62.7,5.1,2,13.1,-0.46,1.5,0,4,1
12.0,88.6,76.5,75.6,3.6,6,100.0,-0.25,3.23,0,6,0
8.6,56.0,71.4,68.3,3.4,3,58.0,-0.41,3.1,0,2,0
5.7,88.0,63.7,42.0,3.6,2,96.0,0.07,1.74,0,7,0
9.5,82.2,59.3,82.3,4.9,2,79.0,-0.13,2.61,0,6,0
7.1,72.9,88.2,70.9,4.4,7,100.0,-0.5,3.34,1,8,0
6.6,47.1,35.5,51.1,2.3,1,52.2,-1.29,2.16,0,4,1
10.1,66.4,95.6,80.5,5.0,8,79.0,0.19,3.34,0,7,0
9.8,62.4,67.3,65.5,5.0,6,50.0,-0.64,3.14,0,2,0
4.3,15.4,36.4,8.4,3.2,0,8.2,-0.84,1.19,1,3,1
6.3,22.8,30.0,50.3,0.0,2,64.6,-1.41,2.89,1,2,1
9.6,75.4,80.1,56.8,4.4,8,73.8,0.07,3.06,0,7,0
9.6,69.0,74.7,76.5,2.3,6,81.7,0.56,2.96,1,4,1
9.7,76.4,80.6,100.0,0.5,3,91.0,0.49,2.49,1,5,0
7.0,46.4,54.9,34.0,3.9,4,56.3,-0.52,2.56,1,2,0
11.3,67.7,90.6,84.6,3.4,3,73.3,0.46,3.83,1,7,0
9.6,100.0,93.3,77.7,0.0,5,100.0,0.18,3.66,0,8,0
10.8,74.7,80.8,61.7,2.0,8,68.7,0.16,3.39,0,4,0
10.5,70.6,93.7,68.8,1.6,4,77.3,1.07,3.23,1,4,1
6.8,12.5,35.9,63.4,7.2,2,49.2,-1.04,2.28,1,5,0
5.1,94.7,70.0,100.0,3.2,7,73.7,0.74,2.83,0,7,0
7.0,68.4,67.1,46.4,4.4,6,24.4,0.66,2.89,0,1,0
5.4,56.2,71.4,69.6,1.8,6,77.3,0.4,2.68,0,7,0
6.1,38.8,71.1,51.5,3.9,4,82.9,-0.66,2.42,0,4,0
5.0,56.0,28.3,30.1,3.3,2,2.3,-0.55,2.66,0,3,1
1.2,34.0,35.8,17.3,3.5,1,24.3,0.1,1.71,0,8,1
10.8,69.2,79.4,100.0,2.3,8,100.0,0.48,3.79,1,7,0
3.5,29.1,21.3,55.6,4.5,0,38.3,-1.81,2.55,1,6,1
6.9,78.6,79.7,69.4,2.2,6,74.2,0.35,3.1,1,5,0
9.2,65.1,71.5,78.5,4.6,5,61.6,0.55,3.74,0,1,0
3.3,0.0,41.4,44.6,2.8,3,27.0,-0.08,2.3,1,5,1
13.9,68.9,63.9,86.1,0.0,7,63.4,0.04,2.86,0,6,0
8.4,57.6,55.0,47.0,1.7,1,64.6,-1.61,2.01,0,2,0
5.4,29.3,34.9,48.2,1.3,3,45.8,-1.19,2.58,1,4,0
6.2,80.2,56.7,54.2,5.8,3,70.2,0.28,2.47,0,4,0
7.7,64.3,56.3,68.0,4.3,2,85.7,1.06,2.41,0,5,0
8.9,61.7,58.7,95.3,4.9,5,46.8,-0.02,2.86,1,2,0
9.2,50.6,67.7,68.3,3.8,3,73.0,1.16,3.17,1,6,1
4.8,61.7,80.7,60.4,2.2,6,77.9,-0.55,3.59,1,5,0
6.0,56.7,71.1,58.8,6.2,1,37.4,-0.51,3.27,0,3,0
6.9,51.9,53.3,64.6,1.5,6,58.9,-1.47,3.13,0,4,0
3.6,39.8,27.6,31.4,8.6,2,64.6,-0.76,2.09,0,4,1
9.9,64.7,69.4,70.7,2.0,3,65.4,-0.02,3.09,0,3,0
10.5,62.4,86.2,74.4,5.6,11,87.4,0.75,3.18,1,1,0
12.0,56.5,46.0,46.9,0.0,7,65.6,0.09,2.92,1,6,1
8.0,37.4,55.0,44.3,2.6,4,79.9,0.84,2.27,1,4,0
9.0,56.5,61.7,35.9,0.0,3,31.3,1.2,2.96,0,6,0
7.5,77.4,96.7,78.5,3.2,7,82.1,-0.52,3.11,1,5,0
10.2,53.2,75.6,49.8,3.1,5,32.4,0.41,2.53,1,1,0
10.0,75.9,50.4,78.4,6.3,7,51.4,-0.21,3.56,0,8,0
8.3,91.4,87.7,64.3,0.9,4,57.6,0.86,2.57,0,1,0
8.9,48.8,44.7,69.1,4.6,4,64.8,-0.36,2.72,1,5,0
7.0,76.1,69.0,29.3,3.0,13,35.1,0.83,3.51,0,6,0
8.3,81.6,83.9,93.2,1.5,5,71.6,1.19,3.13,1,3,0
3.8,49.8,89.1,53.8,1.6,1,73.4,-0.57,3.8,0,1,0
7.0,69.8,80.7,73.6,0.0,7,48.3,0.57,2.82,0,4,0
6.4,71.0,63.7,85.0,2.7,4,56.9,0.5,3.24,1,8,0
0.0,8.6,33.4,54.2,4.6,2,83.2,-0.31,2.73,1,2,1
6.5,69.7,92.6,60.7,0.0,5,78.3,0.54,2.86,1,1,0
11.4,73.9,91.5,80.7,0.0,3,35.0,0.85,4.0,1,3,0
4.6,18.4,37.2,21.7,3.8,2,8.7,-0.91,2.05,1,5,1
2.2,16.3,49.8,50.7,6.1,4,46.3,-0.2,2.73,1,4,1
2.5,38.4,63.5,32.5,4.5,0,41.1,-1.49,2.06,1,2,1
10.4,90.3,73.4,49.3,0.0,5,48.9,0.06,3.7,1,1,0
8.7,35.2,53.1,54.6,0.0,2,88.5,0.38,2.82,0,3,1
5.2,30.6,42.3,38.6,6.0,3,91.6,0.36,3.59,0,2,1
8.3,40.5,43.4,82.1,0.2,4,42.1,-0.29,3.19,1,2,0
7.3,93.9,86.0,67.5,3.3,3,87.5,0.47,3.71,1,8,0
5.3,14.5,45.8,30.1,4.9,1,59.5,0.28,2.02,1,4,1
1.6,54.2,48.0,37.6,6.8,4,65.1,-0.48,2.63,0,7,0
7.9,60.9,80.0,74.3,0.7,4,58.0,1.13,3.07,0,4,0
9.4,65.3,76.1,79.1,3.6,7,100.0,0.49,3.33,0,1,0
5.2,56.7,80.4,82.8,4.5,6,71.9,0.6,3.41,0,1,0
12.2,77.5,79.3,100.0,0.0,11,89.5,0.24,3.13,1,2,0
5.5,16.6,39.5,15.4,4.5,3,35.5,-1.56,2.21,1,3,1
10.5,53.9,59.2,83.4,2.2,4,61.5,0.83,3.03,0,8,0
8.8,0.0,48.8,22.5,2.4,1,36.2,0.06,1.67,0,2,1
8.2,29.8,64.2,69.3,3.2,6,36.9,0.09,3.32,1,6,0
9.8,80.6,82.2,100.0,0.0,5,41.1,0.61,3.54,1,3,0
0.1,53.4,34.1,31.4,4.8,2,34.6,-0.09,2.78,0,4,1
10.6,100.0,85.1,66.8,5.9,2,58.5,0.82,3.61,0,3,0
12.3,95.9,87.5,72.3,0.6,4,92.5,-0.51,2.74,0,3,0
0.8,27.4,55.6,38.9,3.8,5,46.8,-0.09,1.97,1,4,0
6.9,28.9,69.5,84.9,5.3,6,61.2,-0.68,3.82,1,5,0
7.4,65.6,67.9,48.1,5.1,5,86.5,0.08,3.36,0,6,0
12.8,64.8,65.5,84.4,0.0,8,86.7,0.82,2.9,1,2,0
8.4,37.5,71.9,72.1,4.5,5,26.2,-0.57,3.0,0,1,1
1.8,41.2,25.3,46.7,0.0,0,28.3,-0.9,1.79,0,3,1
9.4,72.8,85.5,67.4,0.0,5,91.0,1.0,2.2,1,1,0
11.9,65.6,80.9,82.1,3.3,9,46.4,0.86,4.0,1,6,0
10.3,55.6,63.8,100.0,0.0,8,80.1,1.74,3.61,1,8,0
4.2,46.0,51.9,74.9,3.1,0,56.5,0.5,2.7,1,8,0
7.7,52.6,38.7,81.1,1.4,2,98.3,0.66,2.08,1,1,1
9.1,95.2,89.7,99.6,0.0,5,95.7,0.57,2.78,0,2,0
1.5,0.4,42.8,36.5,0.0,2,43.9,-0.88,1.66,0,5,1
11.3,62.7,54.7,95.3,1.6,3,72.4,0.18,3.76,1,5,0
3.5,63.0,65.9,46.1,4.1,2,18.0,0.48,1.93,0,6,0
4.8,35.0,51.2,25.0,4.1,5,25.9,0.17,3.36,0,8,0
7.5,28.9,67.1,62.2,1.2,5,67.2,-1.63,2.35,0,6,0
5.2,20.3,44.8,65.3,1.2,2,41.1,-0.53,1.75,1,5,1
10.9,79.9,95.5,95.0,0.4,9,85.3,-0.59,3.5,0,5,0
0.0,44.1,54.8,58.0,0.3,6,54.7,-0.14,2.46,0,4,0
4.5,54.3,39.4,62.0,1.6,4,52.5,-0.5,2.81,1,1,0
4.5,51.2,31.3,49.1,4.5,0,38.0,-1.29,1.87,1,1,0
6.5,47.7,66.7,63.5,1.1,2,37.3,0.46,2.71,0,8,0
5.2,52.0,37.9,38.3,6.7,1,33.6,-1.12,1.97,1,6,0
6.3,30.4,59.9,30.1,2.1,2,13.8,-0.79,2.74,0,7,0
6.3,46.0,37.4,51.1,2.4,3,33.2,-1.04,2.79,1,6,0
1.1,24.5,52.2,34.0,6.3,1,52.4,-0.94,2.29,1,7,0
2.6,38.9,40.4,42.5,5.5,2,34.2,-0.16,2.87,0,6,0
11.5,66.2,80.7,81.1,3.6,3,71.2,-0.42,3.11,1,8,0
5.7,58.8,64.0,53.3,1.9,5,54.1,0.18,2.84,0,4,1
4.3,37.8,51.2,43.3,5.0,4,34.5,-0.56,2.4,1,8,1
9.1,10.5,74.8,70.5,4.0,4,44.5,0.22,2.68,1,7,0
11.6,74.4,85.4,100.0,3.0,9,60.0,0.15,2.81,0,2,0
6.3,36.4,70.5,56.3,2.0,6,71.0,0.84,3.26,0,8,0
8.7,66.5,56.2,98.1,2.6,5,87.1,1.11,3.94,1,3,0
1.7,10.1,69.8,49.6,3.2,1,51.3,-0.39,2.95,0,8,0
6.6,82.8,61.1,63.7,3.4,4,71.3,0.2,3.24,0,5,0
9.0,65.1,96.2,46.4,2.7,5,33.7,0.58,2.45,0,5,0
4.5,39.0,46.5,80.4,0.4,4,62.8,-0.06,2.88,0,4,0
13.7,92.6,70.7,81.0,0.5,10,52.3,0.37,3.12,0,7,0
10.5,85.5,89.1,93.3,5.5,4,96.1,1.47,3.57,0,5,0
3.1,31.3,51.6,16.3,0.5,1,42.8,-0.36,2.52,0,8,1
7.7,71.8,76.1,62.9,5.2,4,33.9,1.64,2.6,1,4,0
7.1,73.5,74.8,91.2,2.4,6,93.2,-0.11,3.6,0,3,0
4.9,22.9,38.0,47.6,3.7,4,62.9,-0.04,2.67,0,7,1
8.8,75.4,59.1,74.8,0.0,3,85.7,0.9,3.55,1,1,0
7.6,60.0,49.1,99.7,2.4,3,49.3,0.81,2.8,0,8,0
6.6,21.8,81.9,63.7,1.7,6,54.4,-0.39,2.69,1,5,1
5.8,66.1,52.9,59.0,4.9,3,73.2,-0.7,3.07,0,2,0
5.1,64.0,65.6,60.5,0.9,2,78.6,1.21,2.86,1,4,0
10.7,100.0,92.9,77.1,0.4,9,91.0,0.67,3.35,1,7,0
8.4,65.1,67.3,61.7,2.9,1,55.4,0.03,2.77,1,6,0
10.8,66.6,78.4,83.9,0.0,5,100.0,2.24,3.59,0,3,0
6.2,19.3,53.8,56.1,5.2,6,67.2,-1.07,3.55,1,7,0
9.3,76.4,57.1,72.7,2.0,4,57.0,0.58,2.92,1,2,0
9.5,57.9,62.5,72.6,0.0,5,47.0,-0.32,3.24,0,1,0
10.9,54.6,77.1,76.1,2.2,4,56.1,-0.03,3.24,1,2,0
8.0,33.5,41.6,55.6,5.1,4,72.1,-0.27,2.47,0,4,0
11.9,100.0,95.8,100.0,4.0,5,98.6,1.29,3.55,0,5,0
8.7,67.7,67.8,56.9,3.5,8,62.4,0.76,3.43,0,1,0
10.6,62.7,48.6,53.8,5.6,2,45.8,0.35,2.65,1,8,1
6.4,40.5,44.4,18.8,4.9,2,8.8,-1.05,2.35,0,4,1
2.5,25.5,63.2,41.1,1.9,5,40.3,-1.27,2.35,0,3,1
0.0,61.9,56.7,30.5,2.5,2,17.6,-0.89,1.89,1,2,1
3.6,29.3,49.8,33.1,0.0,3,41.9,-0.47,2.91,0,8,0
11.1,84.5,69.0,60.9,1.2,9,95.0,0.47,3.12,1,2,0
8.4,64.4,63.9,35.9,4.5,4,33.5,-2.41,3.46,1,1,1
4.4,58.7,65.5,67.7,0.0,5,65.1,-0.97,3.11,0,8,1
8.3,34.5,80.5,69.6,5.6,5,71.9,-0.27,3.51,0,1,0
10.9,52.4,68.0,58.0,2.1,6,68.5,0.77,3.0,1,3,0
11.2,84.1,97.6,49.7,0.0,8,65.7,0.11,3.02,0,3,0
7.7,60.7,63.0,62.0,0.0,5,55.5,0.36,3.36,1,8,0
6.7,74.7,50.2,69.8,6.1,3,74.9,-0.89,2.63,0,8,1
5.1,66.8,97.9,67.7,5.5,4,57.3,-0.03,3.41,0,8,0
9.0,40.7,45.2,47.2,1.9,3,57.5,0.16,3.19,0,1,0
9.5,84.1,44.6,60.3,4.1,7,85.2,0.54,3.82,1,8,0
7.6,49.2,45.1,54.7,1.7,4,75.7,-0.28,2.66,1,7,1
11.0,47.6,82.5,36.2,2.6,3,20.7,-1.49,2.96,0,4,1
1.0,75.8,75.8,36.3,2.4,2,54.5,-0.1,2.13,0,4,0
8.8,76.3,77.3,70.3,1.2,3,90.0,-0.35,2.13,0,1,0
5.5,31.7,70.3,61.8,1.7,10,38.3,-0.35,3.43,1,2,0
7.4,46.2,62.5,60.6,3.1,5,13.0,0.7,2.8,0,7,0
6.1,100.0,63.1,75.6,4.2,8,64.5,1.05,4.0,1,6,0
6.1,23.0,57.3,33.6,9.2,3,28.9,-0.77,2.2,1,5,1
9.2,72.8,76.8,47.0,0.5,4,73.7,0.3,2.86,1,8,0
7.1,36.4,44.4,32.3,3.9,5,37.6,0.21,3.54,1,8,0
8.2,63.2,77.1,83.2,2.3,5,80.1,0.45,3.31,0,3,0
10.1,60.7,68.7,60.9,3.2,2,13.8,-0.23,2.89,0,4,0
7.8,83.9,59.7,36.2,1.9,9,60.4,1.6,2.85,0,5,0
12.2,70.4,70.1,89.5,2.6,7,68.8,0.51,3.49,0,2,0
3.6,5.4,44.4,38.9,1.4,5,75.5,-0.53,0.93,0,3,1
6.7,91.8,57.1,70.3,9.4,3,24.5,0.3,3.17,1,4,0
10.1,60.9,77.2,71.1,3.2,4,59.6,-0.23,3.64,0,4,0
11.6,86.1,78.9,65.9,2.8,9,43.1,0.47,3.42,1,2,0
10.6,59.1,76.3,100.0,0.0,3,73.8,1.86,3.41,0,2,0
10.8,79.1,78.1,53.8,0.1,5,45.7,0.25,3.61,1,4,0
6.5,48.4,55.4,50.1,0.3,4,92.5,0.01,3.59,0,4,0
6.4,28.0,50.5,44.0,6.5,2,39.5,0.11,2.81,1,5,1
8.9,55.9,63.4,42.3,1.1,3,45.2,-0.44,2.77,1,2,0
4.0,14.4,47.4,67.0,3.3,2,42.8,-0.57,2.32,0,6,1
2.2,18.1,38.1,46.3,3.9,2,16.4,-0.19,1.79,0,2,1
10.5,92.9,61.7,59.7,2.4,5,94.8,0.6,3.42,0,5,0
8.3,62.8,77.1,60.9,0.0,4,86.4,-0.61,3.4,1,2,0
4.9,48.6,78.2,95.7,4.4,5,74.9,0.94,1.96,0,1,0
8.7,50.9,56.7,50.3,5.6,3,30.5,-0.77,2.4,1,7,0
8.3,63.4,67.5,63.5,0.5,3,90.9,0.61,3.84,1,3,1
1.8,61.3,50.2,76.1,2.9,6,72.1,-0.93,2.67,1,1,0
8.2,51.2,36.8,29.9,4.4,4,47.3,-0.53,1.51,1,7,1
5.2,27.2,72.5,78.5,3.6,2,68.8,-0.44,3.57,1,6,0
11.3,64.0,84.1,69.1,0.0,3,81.0,0.79,2.97,1,2,0
7.5,26.9,59.6,55.9,5.1,0,14.5,-1.06,2.27,0,5,0
9.6,62.8,77.1,69.1,4.8,5,67.9,1.7,3.81,0,4,0
2.8,63.2,57.9,44.9,5.4,4,54.9,0.24,2.7,0,2,0
5.9,86.3,79.7,90.0,2.2,7,83.8,1.44,2.6,1,4,0
3.9,9.4,48.6,67.4,4.9,1,66.5,-0.35,2.75,1,8,1
3.8,48.7,40.5,7.2,3.4,0,7.9,-0.14,2.74,0,8,1
10.7,58.3,61.2,49.5,0.6,6,53.9,-1.1,2.79,0,3,0
5.1,20.0,61.4,64.1,3.8,2,25.8,-1.05,2.37,0,7,1
10.8,49.8,71.5,50.4,8.5,1,25.4,-0.98,1.81,0,1,1
6.2,44.1,68.3,88.7,0.4,3,61.9,0.39,2.94,0,3,0
10.9,56.2,80.0,99.5,2.0,7,81.8,1.16,3.38,0,8,0
5.7,85.3,63.8,68.0,3.6,7,65.4,0.3,3.18,0,4,0
7.0,53.0,47.4,60.8,2.3,4,59.9,-0.19,2.84,1,7,1
10.9,40.6,60.5,76.1,5.9,9,57.7,-0.14,3.32,1,3,0
13.7,72.0,78.8,70.9,4.9,8,82.9,1.99,4.0,1,4,0
5.8,42.9,54.2,53.5,8.7,2,91.6,-0.13,3.1,0,1,0
4.5,23.1,44.5,44.8,3.2,3,29.8,-2.45,1.27,0,4,1
5.0,44.8,48.7,34.7,4.7,3,59.6,-0.14,2.31,0,1,0
2.2,37.3,16.5,70.2,3.9,0,61.2,-0.17,2.96,0,2,1
5.9,52.4,44.8,59.5,1.9,3,82.2,0.43,2.64,0,4,1
7.6,65.9,90.1,57.6,0.6,3,79.9,0.81,2.43,0,3,0
9.9,64.4,85.8,79.7,1.7,3,62.4,0.2,3.18,0,7,0
2.8,24.1,17.0,28.4,2.7,1,49.7,0.04,1.4,0,8,1
7.2,73.8,43.6,62.9,0.9,3,61.1,0.03,2.74,0,5,0
10.5,83.6,86.0,74.4,1.8,7,89.7,1.28,3.04,0,3,0
6.9,57.6,45.4,37.5,1.4,1,29.7,0.48,2.39,1,6,0
10.7,75.6,46.2,54.9,0.5,4,99.3,0.63,4.0,0,7,0
8.4,39.5,60.4,33.1,4.7,0,40.1,-0.12,1.75,0,5,1
12.3,51.4,70.4,58.9,2.5,6,71.7,0.59,2.52,0,8,1
5.7,70.5,51.0,55.1,2.4,3,61.3,0.03,2.28,0,3,0
11.0,60.5,85.9,51.2,5.7,3,69.7,1.54,3.71,0,8,0
9.6,21.4,38.2,45.3,6.8,1,44.2,-0.02,2.98,0,4,0
11.9,80.0,68.5,63.7,1.8,7,85.5,0.24,3.52,0,2,0
9.5,57.4,60.4,80.7,0.4,5,97.1,0.32,3.18,1,6,0
4.2,71.2,49.6,90.1,3.6,9,32.8,0.94,2.62,0,4,0
4.8,59.8,62.9,53.2,8.2,6,61.8,0.95,2.85,0,1,1
6.0,46.7,69.0,86.5,5.5,2,58.7,0.39,2.35,0,2,0
12.3,64.7,67.2,72.4,0.0,3,66.4,0.62,3.25,1,7,0
6.9,62.1,80.2,53.9,1.6,5,25.9,1.16,3.03,0,6,0
6.7,73.6,42.9,79.7,1.3,5,67.3,-0.15,2.59,0,4,1
6.8,39.3,58.3,72.0,1.9,4,40.5,-1.14,2.51,0,2,0
3.6,47.0,58.3,67.8,5.7,4,32.9,0.07,2.97,0,1,0
9.4,49.3,63.4,61.8,4.2,5,69.1,0.17,4.0,1,6,0
6.5,60.1,62.9,38.6,6.7,2,46.8,1.43,3.03,1,5,0
6.3,41.3,36.1,38.6,5.4,5,7.5,-0.54,3.52,1,7,0
10.1,52.4,83.6,100.0,2.0,2,68.3,0.77,3.26,0,6,0
9.6,91.2,74.6,51.7,2.7,11,74.8,-0.12,3.98,1,7,0
6.5,53.1,61.4,68.4,1.4,3,41.2,0.52,2.94,1,8,0
0.0,23.1,39.2,40.2,6.9,4,41.3,-0.79,2.44,0,7,1
11.8,85.8,96.0,100.0,0.0,9,88.1,0.98,3.61,0,2,0
7.3,50.7,77.9,44.8,1.9,4,77.5,-0.02,3.08,1,2,0
9.8,84.6,86.9,64.8,1.7,5,61.6,-0.55,3.28,1,1,0
5.6,66.9,54.3,47.1,0.0,5,70.0,-0.22,2.14,0,6,0
5.1,47.5,61.1,36.6,5.4,2,38.6,-0.16,2.88,1,4,1
8.2,87.9,84.8,80.2,0.4,4,99.5,-0.68,2.34,0,5,0
2.3,19.3,43.8,27.1,5.4,3,31.0,-0.08,2.73,0,2,1
4.9,72.3,83.8,72.1,1.5,5,50.4,0.03,3.34,0,2,0
11.7,89.1,84.8,87.4,0.2,6,79.8,1.04,4.0,0,2,0
9.8,53.4,51.7,49.9,0.4,4,46.1,-1.28,2.52,0,2,0
3.7,39.5,44.5,40.2,6.3,2,23.8,-0.28,2.1,0,8,1
3.9,50.7,30.9,50.6,7.1,1,53.7,-1.25,2.99,0,6,1
8.2,61.3,57.0,56.2,5.2,2,0.0,-0.43,2.2,0,1,0
8.9,30.5,58.1,60.1,3.5,2,41.6,-1.05,2.23,1,2,1
11.0,100.0,83.7,81.4,1.5,8,55.8,0.3,3.63,0,5,0
8.9,78.4,83.7,63.8,4.5,5,65.8,0.11,3.04,0,1,0
9.8,61.0,70.3,71.6,1.8,1,27.5,0.19,3.24,0,6,0
7.0,30.7,49.5,72.5,6.2,2,55.8,0.1,2.85,0,8,0
4.0,69.2,58.2,68.2,1.0,6,67.1,-1.2,3.11,1,2,0
13.3,73.1,48.7,70.5,4.0,8,38.0,0.34,3.14,1,6,0
3.5,36.2,47.5,18.9,7.2,0,33.5,-1.07,2.17,1,5,1
4.9,36.0,39.1,30.7,2.3,3,41.2,-1.22,2.16,0,3,1
1.1,45.0,41.3,22.5,2.9,1,48.3,-1.51,2.19,1,3,1
5.5,60.5,54.3,43.7,3.1,4,24.2,0.41,2.02,0,8,0
10.2,63.1,76.7,49.4,2.6,5,43.5,1.78,3.69,1,5,0
0.2,30.1,34.2,47.4,2.5,5,69.7,-1.58,3.01,0,8,0
2.2,42.8,48.7,77.2,4.1,4,26.4,-1.16,2.77,0,2,0
4.0,81.0,48.7,57.7,0.0,3,40.2,-0.89,2.96,0,2,0
3.0,47.1,58.4,68.1,4.6,3,63.6,-0.36,2.26,1,8,1
6.0,51.7,43.5,68.8,4.9,6,28.3,0.45,1.97,1,1,1
4.3,50.7,54.3,41.7,6.9,6,36.3,-0.29,2.86,0,2,0
7.7,28.8,47.1,40.7,5.2,3,55.1,-0.78,2.4,0,1,0
8.5,97.1,70.6,69.5,0.1,2,59.9,1.04,3.76,1,2,0
4.0,30.3,54.3,42.3,2.3,1,25.4,-1.05,2.37,0,6,1
6.2,83.3,63.8,72.2,0.5,3,46.1,0.77,3.27,0,4,0
6.3,66.1,78.0,73.1,1.0,8,67.0,1.38,3.87,0,4,0
11.0,100.0,85.9,96.0,0.0,7,95.1,0.96,3.3,0,5,0
5.8,30.2,59.6,32.2,2.5,2,64.1,-2.01,1.43,0,7,1
11.5,85.0,74.3,100.0,1.2,7,82.7,0.77,3.81,1,7,0
0.4,31.8,45.5,46.9,1.0,1,45.4,-0.91,2.59,1,7,0
5.7,28.0,62.2,52.1,1.5,0,56.5,0.22,1.97,0,6,0
8.2,65.2,75.8,89.4,3.3,2,43.2,0.06,2.26,1,7,0
6.6,31.8,48.4,10.4,4.5,2,43.9,-0.33,2.85,1,4,1
8.6,63.3,68.5,58.6,4.5,3,34.6,-0.28,3.47,1,7,0
7.5,29.3,40.8,43.3,3.9,1,27.6,0.1,1.22,0,3,1
13.6,78.6,65.9,85.3,1.0,3,81.4,1.68,3.83,0,3,0
7.1,49.8,68.5,65.1,4.1,1,37.6,-1.0,2.77,0,7,0
10.7,80.3,66.2,75.1,2.0,6,50.4,-0.19,3.37,1,7,0
13.5,87.7,73.5,100.0,0.0,6,70.8,1.42,3.69,1,1,0
8.7,57.7,74.4,74.0,0.8,6,83.1,0.08,2.66,0,8,0
13.9,76.5,82.0,94.9,4.4,4,100.0,1.55,3.92,1,3,0
11.1,73.1,75.7,81.8,8.3,3,69.3,0.6,2.9,0,2,1
7.0,69.2,55.9,53.6,3.5,3,78.4,0.8,3.56,0,1,0
3.6,56.3,51.1,64.9,0.8,4,46.8,-0.47,3.37,1,6,0
3.6,60.6,63.3,43.8,8.1,1,0.0,-0.62,1.85,0,4,1
3.4,58.6,51.0,41.3,2.2,0,37.1,0.05,2.36,0,7,0
4.7,66.5,46.4,59.6,4.7,4,35.8,-1.01,2.51,1,4,0
9.5,71.3,79.0,48.1,1.6,2,76.2,1.2,4.0,0,3,0
8.2,39.7,38.2,86.7,4.1,3,42.1,-1.64,2.23,0,3,0
8.6,50.1,80.8,64.4,1.7,3,54.9,0.22,2.77,1,2,0
11.1,71.4,71.9,60.7,4.6,4,58.2,-0.37,3.37,0,4,0
3.4,33.5,46.6,56.4,3.4,3,48.3,-1.18,2.8,0,7,0
10.7,47.0,74.5,71.0,4.0,1,32.0,0.56,3.14,1,8,0
7.9,17.1,66.0,84.4,4.5,3,63.2,-0.98,2.67,0,3,0
8.5,80.1,88.5,92.1,2.3,8,49.8,-0.58,2.83,0,4,0
0.0,30.3,42.4,25.0,1.0,1,77.1,-0.3,2.58,0,4,1
14.1,100.0,100.0,85.4,0.0,7,78.7,0.33,2.05,1,3,0
12.6,61.4,76.4,56.2,3.7,3,56.2,0.88,4.0,1,4,0
11.3,94.5,100.0,100.0,1.4,12,75.1,1.41,3.57,0,3,0
9.0,69.8,85.1,96.4,0.2,5,61.7,0.0,3.34,1,7,0
4.8,55.2,50.1,37.2,3.2,2,62.8,0.38,3.79,1,7,0
5.2,55.5,64.8,76.1,2.2,4,71.3,-0.63,2.93,1,5,0
8.3,91.7,55.7,70.6,2.7,3,92.8,0.93,4.0,0,3,0
13.2,63.7,49.5,88.4,5.5,6,79.0,-0.26,3.64,0,4,0
9.8,69.6,55.7,69.3,0.0,1,58.8,-0.29,3.14,0,5,0
3.0,18.3,66.1,66.4,6.1,2,50.5,-0.78,2.84,1,7,0
8.3,63.2,71.9,74.3,1.9,3,97.2,1.44,2.98,1,4,0
14.5,76.0,66.5,75.1,0.0,10,83.6,0.23,2.47,0,4,0
3.6,46.9,66.5,63.2,3.4,1,57.3,-0.24,2.17,0,8,0
2.5,43.0,37.3,40.9,6.9,1,47.6,-0.91,2.96,0,5,0
7.8,71.5,95.1,79.5,5.4,5,49.2,-0.13,2.78,1,6,0
1.6,68.1,48.1,68.3,1.6,3,90.5,-1.11,1.7,0,2,1
4.6,55.9,68.0,87.8,1.5,7,60.3,-0.06,2.67,1,5,1
7.9,64.1,72.4,69.7,0.0,4,83.3,0.52,3.59,1,7,0
2.2,31.3,48.8,78.2,4.4,2,40.5,-0.15,2.46,1,6,1
6.8,48.6,56.8,32.3,4.9,0,0.0,-0.98,2.57,0,6,0
0.3,5.8,44.6,51.1,6.4,0,28.3,-1.03,2.8,0,4,1
8.5,76.5,90.7,67.2,2.8,4,71.0,0.91,3.52,1,4,0
6.6,50.9,63.0,58.8,3.7,2,54.4,0.21,3.15,0,7,0
6.1,69.0,44.8,78.4,0.1,4,40.1,-0.95,2.56,0,2,0
7.1,65.4,54.8,77.5,5.2,4,67.1,1.09,3.72,0,8,0
6.3,56.4,72.4,75.7,5.8,4,65.3,-0.63,2.87,0,5,0
7.2,51.4,70.0,69.9,2.0,4,76.2,-0.1,2.36,1,3,1
9.5,26.9,53.6,61.9,1.6,4,53.8,-0.62,3.36,0,8,0
1.6,37.2,44.5,45.3,6.0,1,21.8,-1.52,2.33,1,4,1
9.8,35.5,68.5,70.7,0.2,2,42.9,-1.44,3.0,0,8,0
1.7,44.4,42.4,55.4,2.7,0,38.3,-0.57,2.12,0,5,0
4.4,26.2,30.6,43.7,1.6,3,48.7,-2.51,3.11,1,1,1
13.3,71.6,51.7,80.9,1.7,4,77.4,1.22,2.44,1,4,0
10.1,26.8,26.8,58.3,3.7,1,22.9,-0.37,3.0,0,3,1
9.8,35.8,55.7,53.7,1.8,4,57.6,-0.89,1.67,0,4,0
4.9,64.8,42.6,45.0,1.7,3,55.5,0.58,1.93,0,6,0
9.1,61.0,79.2,58.3,1.1,5,55.5,1.43,3.17,0,8,0
6.2,31.2,33.5,59.0,1.5,3,10.3,-0.76,2.19,1,5,0
9.1,67.8,60.7,66.7,3.3,4,49.3,0.53,2.95,0,2,0
2.3,18.2,28.9,54.1,6.0,3,71.8,-0.43,2.25,0,1,0
9.6,100.0,68.5,71.6,2.6,8,40.4,1.4,2.88,0,3,0
6.6,45.1,67.6,86.0,5.1,4,87.1,-0.62,3.22,0,7,0
5.0,66.3,77.8,67.5,0.9,4,29.2,-0.03,2.95,0,4,0
4.6,44.5,55.0,73.4,2.0,3,33.0,0.16,3.05,0,3,0
4.7,51.3,54.6,63.5,5.0,4,30.9,-0.25,2.39,1,2,0
8.9,53.2,71.0,57.0,4.2,5,85.4,-0.18,2.58,1,1,0
8.6,61.1,79.5,97.0,1.8,9,72.5,1.37,3.69,0,8,0
4.5,11.4,39.3,42.8,3.7,0,39.0,-0.4,1.58,1,3,1
11.4,44.9,80.4,81.9,0.0,9,56.1,0.64,2.04,1,5,0
9.5,68.0,93.4,66.2,0.0,3,82.3,0.99,2.53,0,5,1
5.8,60.3,46.8,57.3,4.8,2,34.1,-0.56,2.34,1,3,0
7.6,32.9,71.5,69.8,4.5,3,56.2,0.13,3.17,0,8,0
11.0,100.0,88.1,93.0,0.3,6,73.8,0.37,2.19,0,1,0
2.7,59.8,49.0,31.4,2.4,1,59.7,1.36,2.6,0,4,0
8.7,44.6,81.5,41.8,0.8,4,80.3,0.05,2.98,1,5,0
7.8,19.3,42.6,27.5,3.2,7,23.5,-0.23,2.47,0,4,0
7.4,40.2,67.9,69.9,4.8,2,46.1,1.14,1.94,0,4,0
3.1,46.7,49.6,60.7,1.7,1,32.5,-1.25,3.88,1,3,1
11.3,58.4,66.4,83.4,3.8,6,64.7,0.51,3.03,1,5,0
11.6,72.8,88.8,74.3,0.5,6,91.7,0.67,2.79,1,3,0
8.7,45.7,37.8,64.0,0.0,4,59.4,1.02,2.92,0,2,0
8.4,54.3,67.3,48.9,2.3,1,14.9,-0.66,3.56,1,4,0
1.7,50.1,57.3,66.8,7.1,3,55.0,-1.05,1.81,0,1,1
12.0,76.7,74.2,73.8,0.0,7,55.2,0.78,2.76,1,7,0
14.7,74.7,85.4,100.0,0.4,9,72.1,0.72,3.6,0,6,0
6.4,74.2,54.2,62.8,2.5,3,65.1,-0.13,3.0,1,4,0
6.3,80.7,75.7,100.0,1.3,6,83.0,2.21,4.0,0,1,0
9.8,76.2,75.9,77.3,5.0,5,85.2,0.52,3.97,1,3,0
2.7,23.0,70.0,36.6,3.1,1,18.2,-1.52,2.51,0,5,0
0.2,50.7,54.3,32.1,4.1,1,21.0,-0.94,1.68,0,4,1
7.1,63.9,44.8,86.1,4.9,1,43.0,-0.09,2.12,0,2,1
9.5,81.2,78.3,85.0,0.8,6,82.8,0.49,2.71,0,4,0
0.0,19.9,48.4,45.3,4.6,1,43.9,-1.27,2.6,0,1,1
12.6,52.6,46.5,71.7,4.3,0,64.7,-0.77,3.36,0,8,0
11.7,88.1,74.4,71.2,0.4,5,100.0,0.66,4.0,1,7,0
1.5,48.4,56.4,67.4,2.8,2,72.9,-0.24,3.04,1,1,1
9.4,57.1,66.0,63.9,0.3,4,74.1,-0.3,2.65,0,1,0
9.9,51.3,67.4,69.6,4.2,6,42.5,1.0,2.97,0,5,0
11.2,81.0,68.1,80.4,2.8,4,76.1,0.51,2.29,0,2,0
4.1,61.0,43.7,57.9,2.5,2,45.0,-0.25,2.97,0,2,1
10.9,66.0,68.7,74.7,1.3,4,62.3,0.22,2.92,0,1,0
5.3,37.6,53.2,76.8,3.2,6,38.0,0.77,3.31,1,2,0
6.2,48.5,79.5,53.8,3.2,8,58.0,-0.56,3.3,1,2,1
4.5,54.5,52.1,35.3,1.6,3,43.9,-0.38,3.8,0,3,0
1.0,51.8,52.5,42.2,2.2,6,52.2,-0.58,2.88,1,6,0
8.9,45.9,61.2,68.3,2.0,2,57.9,0.31,3.2,0,2,0
9.3,56.9,97.7,92.1,1.7,8,80.6,1.1,3.34,0,6,0
0.0,30.7,50.4,27.6,7.6,1,43.8,-1.68,2.05,1,1,1
7.0,66.9,50.5,100.0,1.2,5,51.2,-0.45,2.74,1,5,0
6.7,33.8,49.8,44.6,0.9,2,23.6,-0.49,2.83,0,6,0
0.1,25.5,30.1,40.9,7.2,1,0.0,-1.28,1.56,1,3,1
2.9,21.8,52.8,28.0,2.0,1,56.2,-0.8,2.51,1,2,1
11.5,69.0,97.4,62.7,4.2,6,80.8,0.91,2.67,0,3,0
1.0,70.8,41.1,38.2,5.1,6,56.8,-0.5,3.15,0,4,0
4.5,28.0,43.9,75.4,4.4,6,70.9,-0.12,2.46,1,3,0
6.4,71.5,56.4,71.3,5.8,1,24.9,0.02,2.89,0,6,0
7.2,67.5,66.6,72.9,0.0,1,68.9,0.41,2.82,0,7,0
4.1,33.7,67.0,46.5,0.0,8,42.4,0.94,2.83,1,3,0
2.5,52.9,53.9,49.4,3.9,2,60.4,0.11,2.97,0,3,1
0.0,39.8,25.1,63.5,3.4,2,0.0,-0.78,2.4,1,8,0
3.0,31.5,56.7,39.2,2.3,4,56.3,-0.77,3.24,0,2,0
13.1,93.4,65.6,71.6,2.8,5,93.8,1.89,3.29,1,3,0
13.5,49.8,68.2,60.6,3.0,4,44.7,-0.26,2.72,1,6,0
5.5,53.3,48.2,47.7,5.6,6,48.3,-0.55,3.23,1,8,0
10.1,62.8,97.9,81.3,1.5,6,49.0,0.04,2.93,0,5,0
6.6,64.3,71.7,42.0,1.8,7,77.8,0.7,3.04,0,2,0
0.3,64.8,58.6,55.4,6.5,3,62.6,1.0,2.83,0,1,0
10.6,62.8,63.6,45.5,0.6,4,32.9,-0.09,2.64,1,4,0
5.1,35.5,64.3,51.8,2.8,6,31.5,-0.29,2.67,0,8,0
11.3,78.4,76.1,90.3,0.0,4,93.7,0.72,3.01,0,1,0
10.8,100.0,69.2,64.9,4.6,6,100.0,0.02,4.0,0,2,0
9.5,75.3,61.0,65.0,7.6,6,66.2,-0.12,2.82,0,1,0
12.1,60.4,55.1,87.4,1.9,6,85.4,1.67,3.11,1,4,0
3.2,47.8,43.9,42.3,5.7,2,22.6,-0.67,1.95,1,8,1
6.3,57.5,88.6,62.5,3.3,1,50.1,0.35,2.78,0,6,1
12.9,59.6,80.6,90.0,1.2,5,82.7,1.31,4.0,1,6,0
5.9,57.3,65.9,72.5,3.0,2,53.4,-0.45,2.79,1,3,1
12.2,71.5,51.2,58.0,0.0,5,90.5,1.47,2.71,0,1,0
4.1,30.9,46.5,75.6,4.6,5,53.3,-1.34,3.65,0,6,1
8.1,72.1,78.4,50.8,0.4,2,69.1,0.42,3.14,1,2,0
9.0,94.6,47.6,70.9,1.8,5,57.5,-1.13,2.93,0,5,1
4.9,89.1,64.5,64.9,1.9,1,69.0,-0.56,3.29,1,4,0
7.9,39.7,55.4,20.3,2.4,2,63.0,-0.05,1.82,0,1,0
4.2,23.1,50.5,28.3,5.7,1,34.5,-1.36,2.17,1,5,1
12.4,39.9,45.5,42.2,3.1,0,42.0,0.06,2.77,1,4,0
14.7,58.2,78.0,99.8,3.7,5,77.3,-0.69,3.97,1,1,0
3.4,23.0,44.4,66.7,2.6,2,27.9,-0.91,2.08,0,2,1
10.1,16.0,40.2,51.7,3.0,6,23.3,-1.06,2.75,1,5,1
7.4,49.8,52.4,30.8,1.4,7,75.0,-0.6,3.22,0,6,0
9.6,63.8,76.3,55.8,3.8,7,89.6,1.4,3.27,1,8,0
2.9,64.5,61.6,74.3,2.1,6,80.2,1.08,3.27,1,5,0
5.4,70.5,50.2,85.9,0.8,8,50.9,0.78,3.46,0,7,0
3.1,12.5,59.4,28.0,4.1,0,58.1,-1.89,1.86,1,1,1
3.6,43.1,37.7,31.1,3.5,1,79.1,-1.23,2.06,1,1,0
9.7,59.0,74.9,91.0,2.6,8,90.0,0.6,3.81,1,2,0
9.9,76.0,63.4,40.6,4.1,1,83.6,-0.61,1.47,1,2,0
8.2,36.0,52.0,49.9,2.9,4,65.9,0.18,2.4,0,7,0
4.8,45.0,63.1,66.9,2.9,4,39.5,0.91,2.13,0,3,0
9.3,39.9,53.3,32.6,0.0,1,66.7,-0.59,3.43,1,8,0
3.8,32.1,83.2,70.9,2.3,2,33.2,-0.76,3.42,0,8,0
1.0,33.7,42.3,78.0,7.0,3,26.5,-1.45,1.98,0,1,1
9.3,45.4,80.4,72.7,3.1,6,71.6,0.16,4.0,0,2,0
7.1,67.1,61.1,75.8,0.0,7,74.6,0.54,3.97,0,1,0
3.5,48.1,60.6,50.7,2.8,0,53.4,-0.45,2.65,0,2,0
8.8,43.8,50.1,61.4,1.9,1,20.8,0.37,3.53,1,4,0
9.6,28.4,50.8,57.5,4.5,3,60.7,0.46,2.74,0,2,0
9.4,98.3,68.0,67.3,3.2,5,89.0,0.76,3.36,0,2,0
2.7,57.0,50.8,55.4,1.3,4,69.2,-0.04,3.08,0,4,0
5.0,57.7,62.7,63.5,2.9,3,70.8,0.0,2.52,1,4,0
11.5,49.0,95.0,45.2,0.6,6,59.7,-0.12,2.19,0,6,1
9.2,65.9,94.3,41.1,1.6,5,49.5,-0.45,2.4,1,3,0
10.2,66.4,56.6,53.4,1.7,2,64.1,-0.81,2.73,0,2,0
8.1,73.8,76.6,45.5,1.1,3,55.1,0.2,3.22,0,4,0
4.8,49.7,40.1,63.9,4.1,0,65.0,-0.62,2.49,0,3,0
13.9,67.1,63.0,41.3,3.3,9,95.6,1.44,2.92,0,3,1
8.3,47.6,52.2,32.4,3.5,4,43.8,-0.42,2.79,0,1,0
9.9,87.5,91.5,100.0,0.0,9,70.1,0.99,4.0,0,4,0
3.6,35.8,63.3,49.0,3.9,2,67.5,0.21,2.29,0,5,1
4.5,52.3,82.8,74.0,2.6,3,76.3,-0.52,3.97,1,4,0
6.1,69.6,63.6,66.6,2.0,6,100.0,1.28,3.5,0,7,0
9.5,60.0,68.2,58.8,6.1,3,72.6,-1.1,2.53,0,7,0
4.4,41.2,66.1,71.6,3.7,6,61.1,0.6,2.37,0,4,0
11.4,94.9,88.5,67.7,2.9,4,44.9,0.63,3.12,1,3,0
9.3,47.0,37.4,33.3,0.0,1,46.3,-0.94,2.34,0,8,1
7.6,65.4,68.1,76.0,0.6,5,55.5,-0.75,1.78,1,6,0
5.0,59.5,59.5,20.8,4.7,1,59.6,-0.83,2.17,1,4,1
6.7,48.4,55.2,47.5,4.1,3,52.8,-0.49,2.33,0,4,1
2.3,21.6,37.1,33.5,3.5,4,54.0,-0.67,3.26,0,6,1
5.9,52.5,65.2,61.1,3.4,5,99.0,0.98,3.1,1,3,0
6.4,72.4,73.9,61.1,4.2,3,49.1,0.26,2.67,0,3,0
6.6,81.5,66.8,84.0,0.7,5,90.4,0.78,3.12,1,7,1
11.3,76.1,59.5,92.4,0.6,4,83.2,0.7,3.48,0,1,0
2.7,16.6,70.5,49.6,3.6,2,73.3,-0.93,2.16,0,1,0
12.8,88.2,81.3,77.0,2.4,4,89.7,0.61,3.15,1,4,0
11.5,76.4,91.3,92.8,0.2,3,89.1,0.7,3.2,0,8,0
9.7,83.0,79.9,91.3,3.2,9,90.4,1.03,3.63,1,4,0
6.7,26.0,62.1,52.6,2.8,3,58.7,-1.11,1.78,0,6,1
1.9,65.6,48.6,60.7,2.8,0,66.1,-0.95,1.87,0,2,0
7.4,75.0,82.3,42.4,6.4,5,57.9,0.77,2.85,0,5,0
6.6,33.7,37.4,49.0,1.2,2,36.5,-1.16,1.96,1,2,1
0.0,47.2,27.6,50.9,5.4,2,72.5,-0.53,2.04,1,8,1
9.8,87.1,71.9,58.1,0.0,7,40.1,0.33,3.84,0,2,0
8.3,63.1,44.3,64.5,4.2,4,54.7,0.25,3.38,0,4,0
9.8,36.5,34.3,72.9,8.4,4,56.9,0.7,2.94,0,3,0
9.3,61.4,57.7,49.2,5.6,3,44.4,-0.69,2.73,1,3,0
10.7,77.7,63.2,98.3,3.6,5,100.0,1.41,3.28,0,5,0
5.9,33.6,57.2,58.2,3.9,2,46.4,-0.61,1.31,0,8,1
4.4,17.7,76.5,78.7,4.9,4,46.6,-0.37,2.86,0,3,0
5.6,46.1,43.7,78.1,3.4,4,44.3,-0.06,3.0,1,4,0
10.0,44.9,63.6,80.2,7.0,3,59.8,0.68,2.49,0,6,1
8.1,70.2,91.4,62.8,0.0,3,86.3,0.19,2.58,0,3,0
6.1,38.2,49.8,48.4,5.7,1,51.7,0.48,2.03,0,6,0
0.3,1.9,47.2,0.0,5.5,3,28.4,-1.06,2.24,0,8,1
7.2,52.4,86.3,40.7,1.3,2,39.2,-1.06,2.78,1,1,0
8.2,46.4,38.5,76.2,2.5,5,59.7,-0.26,3.37,1,7,0
4.5,13.6,26.3,25.2,1.5,2,35.0,-1.94,1.71,1,5,1
3.6,53.7,67.2,66.1,0.0,6,42.1,-0.28,2.69,0,7,0
6.2,5.0,70.2,44.4,1.9,2,54.3,-1.01,2.31,1,3,0
4.2,62.4,52.5,79.3,2.1,6,86.4,1.03,2.58,0,3,0
3.4,27.9,72.6,9.5,4.5,1,35.7,0.13,2.69,1,1,0
2.2,46.0,60.1,63.1,0.5,4,58.3,-0.12,3.39,1,7,0
7.0,72.3,41.3,70.4,1.9,4,40.4,0.83,2.42,0,2,0
8.4,74.0,100.0,74.7,1.5,6,95.9,0.69,3.37,0,4,0
6.9,66.1,62.6,83.6,1.1,4,72.5,-0.61,3.75,0,3,0
9.4,68.6,80.1,55.9,0.0,4,66.0,0.85,3.46,0,7,0
8.0,95.8,36.8,71.6,1.8,4,37.2,-0.04,2.77,1,6,1
9.4,65.4,55.9,33.0,5.2,5,93.6,-0.46,3.15,0,1,1
1.6,40.7,46.8,51.6,0.0,5,67.1,-0.44,3.3,1,1,1
5.6,59.4,26.1,40.1,6.5,1,20.7,-0.19,2.53,1,2,0
6.7,65.1,59.3,60.6,5.8,4,67.8,-1.2,2.87,1,7,1
5.0,51.5,66.1,30.6,2.3,5,57.8,0.19,2.8,1,6,0
5.9,56.2,62.0,85.3,3.2,4,65.8,0.08,3.77,0,6,0
11.0,64.0,68.0,100.0,0.0,8,100.0,1.33,3.51,0,8,0
9.3,73.8,56.9,100.0,2.5,4,22.0,1.02,3.22,0,8,0
10.9,65.6,83.2,92.2,5.9,6,44.2,0.18,4.0,0,3,0
8.8,57.6,76.3,66.2,4.3,2,97.0,-0.14,3.47,0,2,0
0.6,65.7,66.4,45.6,1.8,5,54.3,0.85,2.84,1,5,0
4.3,68.3,73.4,47.0,0.7,0,40.6,-0.37,2.96,0,1,0
1.0,26.5,52.6,75.4,3.5,0,13.6,-0.54,2.46,1,4,0
12.8,71.7,71.0,67.5,3.0,3,65.2,0.7,2.65,1,1,0
6.6,54.6,88.1,60.5,4.4,4,59.9,-0.7,2.93,1,2,0
11.4,78.1,73.1,99.7,1.4,4,99.9,1.15,2.95,1,4,0
8.7,43.8,92.0,46.1,6.3,3,65.2,0.42,3.84,0,8,0
4.2,26.5,59.7,47.0,4.4,5,28.5,0.01,2.37,1,7,1
8.4,55.9,72.6,86.4,0.7,7,80.9,1.47,2.88,0,8,0
1.1,5.0,47.3,47.5,5.8,1,48.1,-1.05,1.89,1,4,1
3.7,75.0,69.5,86.7,3.4,6,84.9,0.87,3.59,1,1,0
6.0,37.5,37.7,52.7,1.8,4,59.7,-0.3,2.11,0,8,0
10.3,59.3,76.5,58.5,0.0,2,79.2,0.7,4.0,1,4,0
5.0,23.9,34.7,42.0,0.3,2,35.0,-1.12,1.84,0,7,1
5.5,19.5,55.2,63.2,3.0,7,27.0,-0.57,3.03,0,3,0
4.0,25.4,71.9,90.1,5.2,3,35.9,-1.08,2.65,1,8,1
3.4,36.3,43.9,25.2,5.4,2,45.7,-0.78,1.97,1,1,0
6.5,23.4,71.4,50.4,4.5,4,73.7,1.06,3.37,1,2,0
7.5,54.1,58.8,31.5,2.0,4,69.8,0.19,2.47,0,5,1
5.2,49.0,62.4,38.9,3.3,2,55.5,-0.38,3.36,0,2,1
7.9,71.3,77.6,93.2,0.0,3,92.9,0.49,2.66,0,3,0
10.0,79.6,77.2,100.0,3.3,3,76.9,0.48,3.78,0,8,0
3.5,44.3,67.0,25.3,5.8,5,65.4,-0.77,2.6,0,5,1
3.6,40.5,50.4,27.9,1.8,2,22.9,-0.12,2.59,1,5,0
6.9,47.6,28.5,31.8,6.7,4,46.6,-1.28,2.88,0,6,1
4.0,77.1,60.3,51.8,2.1,3,26.9,-0.85,2.1,1,2,0
5.1,65.9,46.8,47.9,1.4,4,46.8,0.13,2.7,0,8,0
4.8,74.9,62.2,54.1,2.3,4,77.1,0.04,3.38,0,8,0
6.7,64.3,79.7,89.9,2.6,5,78.5,0.75,3.68,0,7,0
12.6,73.2,44.5,39.9,2.2,4,76.8,0.36,2.89,0,8,1
9.6,58.8,41.7,51.2,1.8,5,58.9,1.08,2.1,0,1,0
3.6,31.6,40.3,70.3,4.8,2,34.5,-0.43,2.8,0,1,0
6.2,41.3,63.0,83.2,4.1,5,53.8,0.16,3.83,0,5,0
4.3,65.5,88.1,100.0,1.4,7,93.8,1.79,3.65,1,2,0
0.8,23.9,31.3,54.3,3.0,3,56.3,-0.56,3.09,0,8,1
1.8,17.3,41.2,37.0,2.7,6,30.8,0.46,2.93,0,8,0
4.6,46.3,49.2,50.1,4.7,2,17.5,-1.82,2.29,0,2,0
7.3,59.4,54.4,100.0,0.0,7,64.8,-0.56,3.04,0,1,0
6.6,46.6,56.6,46.3,1.8,2,38.8,-0.7,3.11,0,6,1
11.3,87.2,84.6,100.0,1.2,4,71.3,0.98,2.58,0,3,0
7.2,48.4,50.5,22.5,1.4,2,27.9,0.94,3.13,0,1,0
5.5,75.9,73.0,78.9,2.7,7,84.1,-0.07,3.75,0,1,0
6.8,36.9,55.6,65.7,3.5,2,49.2,0.35,2.69,0,3,0
9.7,51.5,54.8,75.3,7.2,7,65.6,1.61,3.5,0,1,0
5.7,53.7,59.6,67.7,1.3,2,41.1,0.89,2.58,0,5,0
0.0,65.4,51.2,50.5,4.1,3,32.6,-0.98,2.37,1,8,1
8.0,60.3,68.4,58.0,1.7,4,46.7,0.04,2.4,0,5,1
7.7,75.1,85.1,60.9,6.4,3,49.9,0.33,3.22,0,5,1
0.0,29.0,51.4,53.4,6.5,3,48.5,-0.58,2.71,0,6,0
8.1,28.8,32.7,15.7,1.4,5,56.1,-0.72,1.33,1,7,0
6.0,68.8,64.1,74.8,2.3,4,27.3,-0.23,2.58,0,5,1
17.5,100.0,80.2,100.0,0.8,9,89.5,1.13,4.0,1,6,0
8.9,36.2,82.1,94.6,1.7,1,49.3,-0.61,3.35,1,5,0
4.3,50.7,51.7,36.0,2.8,7,67.4,-1.58,1.46,0,2,1
9.2,83.0,72.6,47.8,3.5,6,65.4,0.24,3.81,1,2,0
8.3,83.0,86.9,87.8,5.0,5,58.3,0.92,2.87,0,3,0
8.9,47.2,74.2,56.7,3.6,5,65.2,-0.25,3.67,0,6,0
12.1,59.4,66.6,71.6,4.4,9,64.3,0.33,3.56,0,4,0
1.9,41.5,50.0,10.9,3.3,1,88.9,-0.66,2.44,1,5,1
7.0,48.3,53.4,70.1,5.4,3,10.9,0.07,2.16,0,4,0
7.8,62.6,65.7,81.4,3.6,3,52.5,1.18,3.0,0,8,0
7.4,48.3,87.9,38.8,1.4,6,86.1,0.99,3.36,0,7,0
15.0,83.5,68.7,87.2,0.9,11,50.5,1.11,2.89,0,4,0
5.8,27.3,68.5,47.6,0.7,1,41.3,-0.78,2.16,0,7,0
9.0,46.1,67.3,71.2,0.0,3,49.6,0.14,3.18,1,5,0
5.4,40.5,45.5,63.0,2.7,2,34.4,0.97,2.25,0,1,0
16.6,77.7,85.1,45.1,0.0,4,73.2,1.29,4.0,1,3,0
3.7,64.1,66.9,49.5,4.8,3,45.5,-0.18,2.22,1,6,0
0.0,7.2,59.7,33.4,4.4,1,48.8,-1.11,0.49,1,7,1
11.7,38.8,49.3,61.1,3.6,7,84.4,-0.25,2.59,1,7,1
6.5,52.6,63.4,60.3,0.1,4,68.3,-0.6,3.14,1,4,0
12.4,58.5,100.0,100.0,3.4,5,81.5,2.07,4.0,0,1,0
12.7,73.6,79.2,45.7,3.1,4,71.3,0.62,2.95,0,1,0
4.3,0.0,47.9,34.0,5.2,0,47.8,-1.65,2.09,0,5,1
15.1,83.6,94.4,76.0,3.5,4,92.2,0.54,3.35,0,3,0
5.9,61.6,52.4,51.5,4.0,4,54.8,0.42,3.51,0,7,0
3.1,43.7,21.8,33.8,1.7,3,70.9,-0.79,2.7,1,5,0
2.2,34.6,64.0,100.0,3.5,3,53.3,-0.23,2.85,0,3,0
10.0,72.4,99.0,91.8,0.2,6,92.7,0.75,4.0,0,5,0
0.8,38.9,62.8,91.8,3.4,3,66.3,0.25,2.8,1,8,0
6.3,26.3,44.0,62.2,1.9,5,36.6,-0.63,1.59,1,8,1
8.2,46.4,64.9,57.9,7.2,3,45.6,-0.95,1.76,1,3,1
9.6,85.3,87.4,79.9,2.9,8,80.4,0.92,3.66,0,2,0
5.4,59.9,53.0,72.6,5.7,3,41.6,-1.17,1.64,1,1,1
11.9,68.8,83.7,87.8,0.1,6,71.5,0.3,3.61,0,8,0
11.0,73.5,62.8,74.4,2.3,5,44.9,0.47,2.92,1,6,0
12.4,97.4,71.8,100.0,2.0,5,61.2,1.04,3.94,0,8,0
5.2,74.2,52.1,31.6,3.8,3,41.9,-0.68,2.67,0,1,0
1.0,68.8,73.8,49.3,0.0,3,45.0,0.26,2.02,0,1,0
11.7,61.9,65.5,100.0,5.9,6,53.4,1.12,3.67,1,8,0
2.7,29.2,41.8,48.5,4.3,1,52.5,-1.19,2.92,0,3,0
0.8,24.4,57.9,0.0,5.5,1,29.7,0.98,1.54,1,1,1
4.8,44.6,76.3,58.3,1.5,2,77.0,0.13,1.96,1,2,1
9.2,55.0,61.7,58.6,4.9,4,72.9,0.58,3.47,0,2,0
9.4,89.8,87.7,81.7,3.6,3,100.0,0.92,4.0,0,7,0
5.1,69.2,51.7,100.0,3.9,4,62.4,-0.01,4.0,0,4,0
12.2,88.8,84.4,100.0,1.5,3,71.7,1.96,4.0,1,1,0
5.2,42.0,60.9,94.7,7.3,1,64.4,0.21,4.0,0,5,0
9.8,76.0,91.1,69.5,3.6,3,96.9,-0.27,3.35,1,7,0
6.3,70.0,39.3,47.4,0.8,3,45.1,-1.42,2.79,1,5,0
11.8,64.8,59.8,81.2,2.1,5,81.0,0.64,3.04,0,5,0
14.1,71.6,90.7,87.3,3.1,8,73.9,0.51,2.96,1,6,0
7.2,24.3,52.5,54.5,3.2,8,52.9,-0.66,2.89,1,2,0
4.7,50.2,58.1,82.7,4.5,2,48.6,-1.2,2.39,1,4,1
11.1,57.8,65.7,69.4,5.7,6,39.1,-1.19,1.61,0,6,0
5.8,29.9,31.9,59.9,4.1,0,32.3,-1.38,1.88,0,4,0
7.0,63.3,51.0,48.3,2.2,4,66.8,-0.31,3.37,0,2,0
9.9,66.8,88.6,71.1,0.0,6,77.7,0.96,3.35,1,4,0
11.1,100.0,92.6,92.2,0.0,7,86.8,0.88,3.66,0,5,0
6.4,34.4,56.5,48.8,2.6,4,63.7,0.39,2.33,0,5,0
9.7,97.4,77.1,97.4,0.1,8,80.2,1.07,3.6,0,2,0
0.7,31.1,45.0,53.3,4.1,0,32.6,-0.62,3.03,0,5,1
10.9,81.3,88.6,84.4,0.0,5,96.2,1.53,4.0,0,8,0
9.8,22.7,69.1,62.3,1.3,4,49.9,-1.2,2.8,0,3,0
6.8,51.5,72.6,100.0,0.8,4,65.5,0.13,2.81,1,7,0
3.5,40.8,52.5,60.1,5.0,0,47.8,0.77,3.28,1,5,1
3.9,37.9,66.2,66.4,2.1,1,51.0,-1.36,3.27,1,1,0
9.8,69.4,70.9,81.4,2.4,8,51.9,-0.2,2.15,0,2,0
9.2,60.1,80.5,88.4,6.9,5,61.0,0.31,2.04,0,2,0
4.7,39.8,67.2,91.0,4.5,6,66.2,-0.91,2.35,0,4,0
2.5,70.2,58.7,64.9,3.0,2,41.1,-0.32,2.75,1,4,1
8.5,47.8,54.4,71.6,3.6,1,59.1,1.03,3.23,1,7,0
1.9,42.0,60.6,46.6,2.1,6,79.3,-0.32,3.02,0,4,0
5.7,47.0,42.6,39.7,3.4,1,17.8,-1.16,2.46,0,1,1
9.7,64.2,100.0,97.6,0.3,3,76.4,1.16,3.6,0,5,0
9.1,40.4,64.5,42.9,2.8,7,100.0,-0.27,4.0,1,2,0
4.7,35.8,32.1,45.7,4.2,0,20.4,0.2,2.3,0,5,1
8.1,46.3,79.6,67.7,0.0,4,96.3,-0.02,3.29,0,4,0
6.8,60.0,92.1,57.8,3.0,3,66.5,0.17,3.01,0,8,0
10.7,85.5,65.1,89.1,0.6,5,73.3,-0.35,4.0,0,2,0
2.8,35.8,38.5,42.3,7.7,1,38.8,-0.78,2.81,1,4,1
11.5,46.4,69.7,76.9,4.5,4,76.3,0.31,2.69,0,6,0
6.0,65.7,60.9,66.2,0.0,6,36.3,0.99,2.52,0,1,0
9.4,59.8,54.9,63.4,1.5,3,71.0,-0.24,2.34,1,2,1
10.6,76.6,69.3,94.1,3.9,6,80.1,1.39,3.68,1,4,0
10.8,100.0,86.1,66.6,2.4,4,48.5,0.96,2.83,1,4,0
1.8,39.5,52.1,38.6,4.5,1,55.2,-1.96,1.7,1,7,1
7.7,59.0,60.5,99.8,0.0,4,27.2,-0.15,3.65,0,6,0
0.3,66.2,59.9,42.4,2.5,5,94.1,-0.54,3.29,0,4,0
2.9,36.2,53.4,70.5,4.1,5,55.2,0.51,3.27,1,7,0
3.1,30.2,35.8,78.0,0.0,5,17.2,-0.26,1.73,1,1,0
3.2,34.1,52.9,27.2,5.6,4,58.0,-0.78,1.75,0,5,1
9.0,53.8,58.1,59.2,1.9,1,35.8,-2.88,2.36,1,5,1
3.4,56.0,58.6,31.0,4.2,4,32.8,-1.59,3.39,0,5,0
13.4,96.2,86.2,59.2,1.7,10,43.5,1.12,3.44,0,1,0
5.6,78.1,95.8,69.9,1.9,2,46.9,0.65,3.95,1,6,0
8.4,97.0,73.1,95.7,2.5,8,71.1,0.55,3.96,1,5,0
3.3,76.3,57.2,60.4,2.9,8,78.6,0.25,3.02,0,8,0
5.3,50.0,64.8,24.4,9.6,3,57.4,-0.81,2.6,0,8,1
9.0,78.4,80.4,62.6,5.5,5,47.0,0.54,2.36,0,5,0
8.9,35.3,66.5,79.6,0.5,5,66.1,-0.08,1.98,0,1,0
8.2,68.6,61.6,81.7,4.7,8,30.1,0.7,3.19,0,7,0
5.6,66.0,52.2,63.2,1.9,7,53.5,0.33,2.66,1,2,0
9.6,56.4,70.5,69.2,0.0,4,100.0,-0.11,4.0,0,8,0
9.9,32.0,31.1,30.5,0.9,2,9.6,-1.3,1.77,1,4,1
2.1,28.0,53.7,58.0,3.7,2,15.0,-1.37,2.42,1,4,0
8.1,29.5,16.1,60.8,6.6,0,44.3,-0.94,2.52,0,8,1
7.3,33.8,42.2,42.7,3.9,4,60.8,-0.23,2.74,0,1,0
6.4,45.5,49.2,50.5,4.4,4,30.9,0.12,3.18,1,5,0
7.6,56.9,83.7,35.1,0.0,3,78.6,0.38,2.43,0,6,0
0.0,24.9,61.3,70.5,2.3,4,42.9,0.22,3.32,1,3,0
10.3,84.1,88.2,100.0,0.0,11,100.0,1.1,3.9,0,5,0
8.7,72.9,70.5,98.6,0.0,5,87.9,1.8,4.0,1,8,0
13.4,36.9,78.8,100.0,0.0,4,87.3,0.26,2.84,0,3,0
2.8,39.8,79.4,34.7,4.4,6,42.2,-0.46,1.7,1,4,1
10.8,87.0,89.9,68.3,2.3,5,94.7,1.13,3.29,1,6,0
4.9,43.9,47.8,72.5,1.8,2,57.7,-0.57,2.02,0,1,0
0.9,44.7,22.8,47.0,5.2,0,60.0,-0.77,2.12,1,6,0
7.6,73.6,81.6,61.9,3.5,3,69.7,1.27,3.09,0,8,0
7.7,34.9,43.6,82.2,4.0,4,32.9,-0.36,2.21,0,5,0
2.7,73.0,59.1,60.1,0.6,6,62.7,0.03,3.09,0,1,0
9.9,83.5,85.5,59.7,0.8,7,59.5,0.07,2.7,0,5,1
2.4,22.6,44.2,56.6,4.4,2,31.7,-0.3,2.45,1,5,0
13.1,88.2,77.1,61.5,0.0,7,100.0,0.38,3.17,0,6,0
7.4,46.7,68.3,74.1,4.3,5,65.0,0.06,2.74,1,5,0
3.4,65.5,55.1,46.5,0.4,6,69.1,0.15,3.13,1,3,0
8.2,73.0,59.4,80.9,2.5,4,91.4,0.28,3.1,1,1,0
5.4,33.6,53.3,49.7,5.8,3,51.1,-1.48,2.03,1,4,0
6.3,63.7,72.0,67.0,3.1,2,91.6,-0.6,2.59,1,2,0
4.5,30.2,40.0,24.8,2.0,4,1.4,-1.2,2.9,0,3,1
4.2,52.2,40.1,42.0,0.7,1,21.9,-1.25,3.05,0,4,0
7.3,60.3,38.8,70.7,1.4,1,32.5,-0.18,2.3,1,1,0
8.7,51.3,74.6,63.7,3.4,5,36.9,1.43,2.94,1,8,0
5.5,43.1,78.2,36.5,2.9,1,50.8,-0.63,1.81,0,2,0
8.7,61.2,83.0,66.8,0.8,3,71.3,0.17,3.11,1,2,0
4.7,63.4,63.6,46.2,3.4,4,95.6,-0.26,2.25,1,1,0
10.4,72.8,69.6,28.1,0.0,5,72.1,0.45,2.61,0,3,0
10.2,0.5,29.4,32.5,4.1,5,21.0,-0.75,2.68,1,6,1
5.6,29.6,63.7,60.2,0.8,6,62.6,-0.15,2.04,1,6,0
5.3,41.2,39.6,61.4,0.9,1,13.0,-1.16,2.13,0,7,1
12.7,79.7,78.2,89.8,0.3,5,80.4,0.17,3.01,1,5,0
9.6,41.6,75.9,72.4,7.7,2,59.7,0.13,2.08,1,8,0
9.1,69.1,81.2,72.5,3.3,7,51.9,0.53,3.63,1,5,0
4.4,42.5,68.2,93.1,0.6,2,52.6,-0.06,3.0,1,5,0
12.6,55.7,73.3,56.8,4.7,5,52.0,0.65,4.0,0,8,0
12.3,99.1,73.3,81.0,0.0,6,64.0,0.12,3.05,1,4,0
8.7,57.8,70.4,94.7,5.3,2,77.0,0.45,2.22,0,1,0
7.6,66.3,85.0,72.2,0.0,6,91.6,0.72,3.8,0,3,0
7.4,58.6,60.9,62.4,2.9,6,68.2,-0.52,2.76,0,8,0
5.4,92.2,76.4,87.9,5.6,3,68.9,0.35,3.2,1,6,0
12.0,76.2,74.0,100.0,0.6,6,65.9,1.17,4.0,0,1,0
13.8,76.9,82.9,92.8,4.5,7,78.3,0.36,3.76,1,6,0
3.5,35.5,31.1,23.1,4.4,4,27.4,0.51,2.63,1,2,0
5.1,70.9,65.7,59.8,2.3,4,45.2,0.46,2.68,0,4,0
